0	9534420-9372	0	88	-1	117586at6656|AgamP4_2L|-|48|6.067e-09|2|9525049|9534420|9534420[9534420]:9534346[9534346]:75[75]|9525450[9525435]:9525049[9525049]:402[387]
0	47791233+613	0	113	1	164354at6656|AgamP4_2L|+|231|4.948e-64|2|47791233|47791845|47791233[47791233]:47791367[47791367]:135[135]|47791669[47791669]:47791845[47791845]:177[177]
0	13494232+453	0	136	1	119012at6656|AgamP4_2L|+|107|1.052e-26|1|13494232|13494684|13494232[13494232]:13494684[13494684]:453[453]
0	2802012+28668	0	140	1	163896at6656|AgamP4_2L|+|38|6.212e-06|2|2802012|2830679|2802012[2802012]:2802053[2802053]:42[42]|2830422[2830425]:2830679[2830679]:258[255]
0	1662337-93274	0	235	-1	131276at6656|AgamP4_2L|-|40|1.553e-06|2|1569064|1662337|1662337[1662337]:1662266[1662266]:72[72]|1569135[1569129]:1569064[1569064]:72[66]
0	38681027-792	0	252	-1	127602at6656|AgamP4_2L|-|549|9.266e-160|1|38680236|38681027|38681027[38681027]:38680236[38680236]:792[792]
0	136883-24668	0	269	-1	163896at6656|AgamP4_2L|-|32|0.0003976|2|112216|136883|136883[136883]:136842[136842]:42[42]|112368[112368]:112216[112216]:153[153]
0	49074023-37165	0	294	-1	67491at6656|AgamP4_2L|-|126|2.007e-32|3|49036859|49074023|49074023[49074023]:49073952[49073952]:72[72]|49072414[49072414]:49071623[49071623]:792[792]|49036936[49036936]:49036859[49036859]:78[78]
0	15542639-525	0	328	-1	137197at6656|AgamP4_2L|-|83|1.766e-19|1|15542115|15542639|15542639[15542639]:15542115[15542115]:525[525]
0	46284694-171	0	331	-1	132760at6656|AgamP4_2L|-|59|2.962e-12|1|46284524|46284694|46284694[46284694]:46284524[46284524]:171[171]
0	16053047+34498	0	342	1	67491at6656|AgamP4_2L|+|113|1.644e-28|2|16053047|16087544|16053047[16053047]:16053889[16053889]:843[843]|16087461[16087467]:16087544[16087544]:84[78]
0	44381852+1230	0	343	1	134708at6656|AgamP4_2L|+|632|9.581e-185|2|44381852|44383081|44381852[44381852]:44382280[44382280]:429[429]|44382560[44382560]:44383081[44383081]:522[522]
0	15866464+20470	0	351	1	151658at6656|AgamP4_2L|+|46|2.427e-08|2|15866464|15886933|15866464[15866464]:15866670[15866670]:207[207]|15886859[15886862]:15886933[15886933]:75[72]
0	46398416+46569	0	399	1	130563at6656|AgamP4_2L|+|31|0.0007952|2|46398416|46444984|46398416[46398416]:46398547[46398547]:132[132]|46444937[46444937]:46444984[46444984]:48[48]
0	13919810-46212	0	400	-1	67491at6656|AgamP4_2L|-|147|9.571e-39|2|13873599|13919810|13919810[13919810]:13918977[13918977]:834[834]|13873643[13873643]:13873599[13873599]:45[45]
0	34579859-204663	0	413	-1	164354at6656|AgamP4_2L|-|45|4.853e-08|3|34375197|34579859|34579859[34579859]:34579821[34579821]:39[39]|34481689[34481689]:34481558[34481558]:132[132]|34375247[34375247]:34375197[34375197]:51[51]
0	18051354-98250	0	446	-1	164354at6656|AgamP4_2L|-|40|1.553e-06|2|17953105|18051354|18051354[18051354]:18051328[18051328]:27[27]|17953281[17953281]:17953105[17953105]:177[177]
0	49133386-342	0	698	-1	119012at6656|AgamP4_2L|-|51|7.583e-10|1|49133045|49133386|49133386[49133386]:49133045[49133045]:342[342]
0	1087832-85195	0	726	-1	164354at6656|AgamP4_2L|-|33|0.0001988|2|1002638|1087832|1087832[1087832]:1087698[1087698]:135[135]|1002694[1002694]:1002638[1002638]:57[57]
0	17426231-83625	0	735	-1	147322at6656|AgamP4_2L|-|40|1.553e-06|2|17342607|17426231|17426231[17426231]:17426190[17426190]:42[42]|17342918[17342909]:17342607[17342607]:312[303]
0	47633921+101694	0	737	1	132760at6656|AgamP4_2L|+|45|4.853e-08|2|47633921|47735614|47633921[47633921]:47634109[47634109]:189[189]|47735531[47735531]:47735614[47735614]:84[84]
0	39408877+8906	0	755	1	119012at6656|AgamP4_2L|+|110|1.315e-27|3|39408877|39417782|39408877[39408877]:39409011[39409011]:135[135]|39409100[39409103]:39409240[39409240]:141[138]|39417738[39417738]:39417782[39417782]:45[45]
0	25582518+29080	0	780	1	164354at6656|AgamP4_2L|+|31|0.0007952|2|25582518|25611597|25582518[25582518]:25582595[25582595]:78[78]|25611409[25611409]:25611597[25611597]:189[189]
0	23410795-30505	0	837	-1	164354at6656|AgamP4_2L|-|36|2.485e-05|2|23380291|23410795|23410795[23410795]:23410679[23410679]:117[117]|23380371[23380371]:23380291[23380291]:81[81]
0	26607348+58078	0	898	1	67491at6656|AgamP4_2L|+|104|8.419e-26|2|26607348|26665425|26607348[26607348]:26608169[26608169]:822[822]|26665369[26665369]:26665425[26665425]:57[57]
0	8979519+1894	0	928	1	132760at6656|AgamP4_2L|+|31|0.0007952|2|8979519|8981412|8979519[8979519]:8979677[8979677]:159[159]|8981302[8981302]:8981412[8981412]:111[111]
0	37093004+51407	0	943	1	67491at6656|AgamP4_2L|+|115|4.111e-29|2|37093004|37144410|37093004[37093004]:37093195[37093195]:192[192]|37143577[37143577]:37144410[37144410]:834[834]
0	232932-4675	0	969	-1	164354at6656|AgamP4_2L|-|43|1.941e-07|2|228258|232932|232932[232932]:232855[232855]:78[78]|228464[228464]:228258[228258]:207[207]
0	43098635+11099	0	1063	1	109793at6656|AgamP4_2L|+|31|0.0007952|2|43098635|43109733|43098635[43098635]:43098727[43098727]:93[93]|43109458[43109458]:43109733[43109733]:276[276]
0	3446653+48074	0	1160	1	163896at6656|AgamP4_2L|+|45|4.853e-08|2|3446653|3494726|3446653[3446653]:3446922[3446922]:270[270]|3494676[3494676]:3494726[3494726]:51[51]
0	49209508-876	0	1264	-1	67491at6656|AgamP4_2L|-|68|5.786e-15|1|49208633|49209508|49209508[49209508]:49208633[49208633]:876[876]
0	14312632+42817	0	1280	1	156395at6656|AgamP4_2L|+|37|1.242e-05|2|14312632|14355448|14312632[14312632]:14312667[14312667]:36[36]|14355335[14355335]:14355448[14355448]:114[114]
0	31663231-102445	0	1316	-1	164354at6656|AgamP4_2L|-|44|9.707e-08|2|31560787|31663231|31663231[31663231]:31663040[31663040]:192[192]|31560834[31560834]:31560787[31560787]:48[48]
0	13206430+1359	0	1344	1	164354at6656|AgamP4_2L|+|142|3.063e-37|1|13206430|13207788|13206430[13206430]:13207788[13207788]:1359[1359]
0	31592315+55468	0	1506	1	67491at6656|AgamP4_2L|+|154|7.478e-41|2|31592315|31647782|31592315[31592315]:31593019[31593019]:705[705]|31647738[31647753]:31647782[31647782]:45[30]
0	15536342-37898	0	1517	-1	164354at6656|AgamP4_2L|-|43|1.941e-07|2|15498445|15536342|15536342[15536342]:15536307[15536307]:36[36]|15498513[15498513]:15498445[15498445]:69[69]
0	36413162+72900	0	1546	1	156395at6656|AgamP4_2L|+|40|1.553e-06|2|36413162|36486061|36413162[36413162]:36413215[36413215]:54[54]|36485906[36485906]:36486061[36486061]:156[156]
0	24067406-47133	0	1659	-1	119012at6656|AgamP4_2L|-|35|4.97e-05|2|24020274|24067406|24067406[24067406]:24067356[24067356]:51[51]|24020360[24020360]:24020274[24020274]:87[87]
0	28312962+52641	0	1681	1	151658at6656|AgamP4_2L|+|44|9.707e-08|2|28312962|28365602|28312962[28312962]:28313087[28313087]:126[126]|28365438[28365447]:28365602[28365602]:165[156]
0	41091865+35048	0	1698	1	117586at6656|AgamP4_2L|+|41|7.765e-07|2|41091865|41126912|41091865[41091865]:41092035[41092035]:171[171]|41126847[41126853]:41126912[41126912]:66[60]
0	14793671+115157	0	1713	1	137197at6656|AgamP4_2L|+|113|1.644e-28|2|14793671|14908827|14793671[14793671]:14793712[14793712]:42[42]|14908516[14908516]:14908827[14908827]:312[312]
0	42578340-714	0	1754	-1	137197at6656|AgamP4_2L|-|148|4.786e-39|3|42577627|42578340|42578340[42578340]:42578185[42578185]:156[156]|42578067[42578052]:42577960[42577960]:108[93]|42577902[42577890]:42577627[42577627]:276[264]
0	39376970-72463	0	1818	-1	119012at6656|AgamP4_2L|-|47|1.213e-08|2|39304508|39376970|39376970[39376970]:39376935[39376935]:36[36]|39304774[39304774]:39304508[39304508]:267[267]
0	49263858-122593	0	1820	-1	132760at6656|AgamP4_2L|-|168|4.564e-45|2|49141266|49263858|49263858[49263858]:49263787[49263787]:72[72]|49141742[49141742]:49141266[49141266]:477[477]
0	47640505-56327	0	1867	-1	151658at6656|AgamP4_2L|-|42|3.883e-07|2|47584179|47640505|47640505[47640505]:47640476[47640476]:30[30]|47584427[47584424]:47584179[47584179]:249[246]
0	25482190+50972	0	1888	1	156395at6656|AgamP4_2L|+|47|1.213e-08|2|25482190|25533161|25482190[25482190]:25482348[25482348]:159[159]|25533114[25533114]:25533161[25533161]:48[48]
0	40119962-588	0	1949	-1	67491at6656|AgamP4_2L|-|70|1.446e-15|1|40119375|40119962|40119962[40119962]:40119375[40119375]:588[588]
0	1975721+579	0	1949	1	67491at6656|AgamP4_2L|+|73|1.808e-16|1|1975721|1976299|1975721[1975721]:1976299[1976299]:579[579]
0	3129428-9564	0	2104	-1	119012at6656|AgamP4_2L|-|32|0.0003976|2|3119865|3129428|3129428[3129428]:3129297[3129297]:132[132]|3119894[3119894]:3119865[3119865]:30[30]
0	25312078-62549	0	2138	-1	156395at6656|AgamP4_2L|-|34|9.939e-05|2|25249530|25312078|25312078[25312078]:25311872[25311872]:207[207]|25249571[25249556]:25249530[25249530]:42[27]
0	4443723-128674	0	2167	-1	164354at6656|AgamP4_2L|-|36|2.485e-05|2|4315050|4443723|4443723[4443723]:4443649[4443649]:75[75]|4315109[4315109]:4315050[4315050]:60[60]
0	13101176+246	0	2198	1	137197at6656|AgamP4_2L|+|48|6.067e-09|1|13101176|13101421|13101176[13101176]:13101421[13101421]:246[246]
0	27432657-27467	0	2200	-1	137197at6656|AgamP4_2L|-|160|1.168e-42|3|27405191|27432657|27432657[27432657]:27432523[27432523]:135[135]|27432430[27432430]:27432155[27432155]:276[276]|27405244[27405244]:27405191[27405191]:54[54]
0	25493226+21860	0	2241	1	137197at6656|AgamP4_2L|+|102|3.368e-25|3|25493226|25515085|25493226[25493226]:25493270[25493270]:45[45]|25514643[25514655]:25514798[25514798]:156[144]|25514894[25514894]:25515085[25515085]:192[192]
0	28163282+69771	0	2329	1	164354at6656|AgamP4_2L|+|58|5.924e-12|3|28163282|28233052|28163282[28163282]:28163338[28163338]:57[57]|28182266[28182272]:28182331[28182331]:66[60]|28232882[28232882]:28233052[28233052]:171[171]
0	38444357-67471	0	2367	-1	164354at6656|AgamP4_2L|-|37|1.242e-05|2|38376887|38444357|38444357[38444357]:38444229[38444229]:129[129]|38377021[38377006]:38376887[38376887]:135[120]
0	12439960+56920	0	2391	1	156395at6656|AgamP4_2L|+|40|1.553e-06|2|12439960|12496879|12439960[12439960]:12440037[12440037]:78[78]|12496736[12496748]:12496879[12496879]:144[132]
0	3298583+129	0	2395	1	137197at6656|AgamP4_2L|+|38|6.212e-06|1|3298583|3298711|3298583[3298583]:3298711[3298711]:129[129]
0	8792398-75835	0	2399	-1	164354at6656|AgamP4_2L|-|38|6.212e-06|2|8716564|8792398|8792398[8792398]:8792306[8792306]:93[93]|8716740[8716740]:8716564[8716564]:177[177]
0	20428147+50245	0	2442	1	67491at6656|AgamP4_2L|+|115|4.111e-29|2|20428147|20478391|20428147[20428147]:20428824[20428824]:678[678]|20478284[20478284]:20478391[20478391]:108[108]
0	33580047-16419	0	2452	-1	156395at6656|AgamP4_2L|-|34|9.939e-05|2|33563629|33580047|33580047[33580047]:33579934[33579934]:114[114]|33563700[33563700]:33563629[33563629]:72[72]
0	21684933-107649	0	2462	-1	164354at6656|AgamP4_2L|-|33|0.0001988|3|21577285|21684933|21684933[21684933]:21684874[21684874]:60[60]|21642762[21642762]:21642703[21642703]:60[60]|21577374[21577374]:21577285[21577285]:90[90]
0	12149511+60517	0	2479	1	164354at6656|AgamP4_2L|+|33|0.0001988|2|12149511|12210027|12149511[12149511]:12149552[12149552]:42[42]|12209878[12209878]:12210027[12210027]:150[150]
0	17320897+903	0	2488	1	67491at6656|AgamP4_2L|+|78|5.65e-18|1|17320897|17321799|17320897[17320897]:17321799[17321799]:903[903]
0	24064248+8948	0	2492	1	151658at6656|AgamP4_2L|+|37|1.242e-05|2|24064248|24073195|24064248[24064248]:24064385[24064385]:138[138]|24073052[24073052]:24073195[24073195]:144[144]
0	2851827-125780	0	2506	-1	164354at6656|AgamP4_2L|-|37|1.242e-05|2|2726048|2851827|2851827[2851827]:2851603[2851603]:225[225]|2726086[2726086]:2726048[2726048]:39[39]
0	23814287-7452	0	2537	-1	130563at6656|AgamP4_2L|-|1367|0|5|23806836|23814287|23814287[23814287]:23813703[23813703]:585[585]|23812161[23812161]:23812072[23812072]:90[90]|23811328[23811328]:23811143[23811143]:186[186]|23810573[23810570]:23810481[23810481]:93[90]|23808503[23808497]:23806836[23806836]:1668[1662]
0	40481134-897	0	2624	-1	67491at6656|AgamP4_2L|-|61|7.405e-13|1|40480238|40481134|40481134[40481134]:40480238[40480238]:897[897]
0	13244901-609	0	2664	-1	137197at6656|AgamP4_2L|-|118|5.139e-30|2|13244293|13244901|13244901[13244901]:13244545[13244545]:357[357]|13244460[13244460]:13244293[13244293]:168[168]
0	41523917+4387	0	2799	1	156395at6656|AgamP4_2L|+|36|2.485e-05|2|41523917|41528303|41523917[41523917]:41523985[41523985]:69[69]|41528166[41528166]:41528303[41528303]:138[138]
0	39455015+128941	0	2803	1	156395at6656|AgamP4_2L|+|40|1.553e-06|2|39455015|39583955|39455015[39455015]:39455104[39455104]:90[90]|39583842[39583851]:39583955[39583955]:114[105]
0	20368423-79858	0	2831	-1	164354at6656|AgamP4_2L|-|39|3.106e-06|2|20288566|20368423|20368423[20368423]:20368250[20368250]:174[174]|20288628[20288628]:20288566[20288566]:63[63]
5	47128403+102830	0	43	1	164354at6656|AgamP4_2R|+|36|2.485e-05|2|47128403|47231232|47128403[47128403]:47128456[47128456]:54[54]|47231095[47231104]:47231232[47231232]:138[129]
5	10568725-77046	0	48	-1	67491at6656|AgamP4_2R|-|143|1.531e-37|2|10491680|10568725|10568725[10568725]:10568684[10568684]:42[42]|10492492[10492486]:10491680[10491680]:813[807]
5	31852222+91695	0	50	1	132760at6656|AgamP4_2R|+|36|2.485e-05|2|31852222|31943916|31852222[31852222]:31852362[31852362]:141[141]|31943806[31943806]:31943916[31943916]:111[111]
5	275727+29427	0	60	1	132760at6656|AgamP4_2R|+|42|3.883e-07|2|275727|305153|275727[275727]:275762[275762]:36[36]|304902[304902]:305153[305153]:252[252]
5	24959810+999	0	101	1	67491at6656|AgamP4_2R|+|90|1.379e-21|1|24959810|24960808|24959810[24959810]:24960808[24960808]:999[999]
5	4099245-810	0	109	-1	67491at6656|AgamP4_2R|-|126|2.007e-32|1|4098436|4099245|4099245[4099245]:4098436[4098436]:810[810]
5	25618299+844	0	109	1	67491at6656|AgamP4_2R|+|183|1.393e-49|2|25618299|25619142|25618299[25618299]:25618727[25618727]:429[429]|25618792[25618798]:25619142[25619142]:351[345]
5	18105724-943	0	134	-1	67491at6656|AgamP4_2R|-|146|1.914e-38|2|18104782|18105724|18105724[18105724]:18105542[18105542]:183[183]|18105255[18105255]:18104782[18104782]:474[474]
5	47234949+261	0	140	1	163896at6656|AgamP4_2R|+|31|0.0007952|1|47234949|47235209|47234949[47234949]:47235209[47235209]:261[261]
5	33810655-89226	0	207	-1	67491at6656|AgamP4_2R|-|120|1.285e-30|3|33721430|33810655|33810655[33810655]:33810245[33810245]:411[411]|33810149[33810140]:33809757[33809757]:393[384]|33721462[33721450]:33721430[33721430]:33[21]
5	30600351-89959	0	248	-1	164354at6656|AgamP4_2R|-|40|1.553e-06|2|30510393|30600351|30600351[30600351]:30600301[30600301]:51[51]|30510560[30510557]:30510393[30510393]:168[165]
5	52133599+399	0	296	1	113300at6656|AgamP4_2R|+|31|0.0007952|1|52133599|52133997|52133599[52133599]:52133997[52133997]:399[399]
5	48440815+4260	0	306	1	164354at6656|AgamP4_2R|+|44|9.707e-08|2|48440815|48445074|48440815[48440815]:48440856[48440856]:42[42]|48444895[48444910]:48445074[48445074]:180[165]
5	30869431+756	0	315	1	117586at6656|AgamP4_2R|+|51|7.583e-10|1|30869431|30870186|30869431[30869431]:30870186[30870186]:756[756]
5	27612342-63902	0	333	-1	164354at6656|AgamP4_2R|-|41|7.765e-07|2|27548441|27612342|27612342[27612342]:27612307[27612307]:36[36]|27548530[27548530]:27548441[27548441]:90[90]
5	21179078+117840	0	333	1	164354at6656|AgamP4_2R|+|37|1.242e-05|2|21179078|21296917|21179078[21179078]:21179125[21179125]:48[48]|21296825[21296828]:21296917[21296917]:93[90]
5	42631585-174	0	406	-1	156395at6656|AgamP4_2R|-|36|2.485e-05|1|42631412|42631585|42631585[42631585]:42631412[42631412]:174[174]
5	28548582-201917	0	413	-1	164354at6656|AgamP4_2R|-|52|3.792e-10|3|28346666|28548582|28548582[28548582]:28548400[28548400]:183[183]|28459812[28459800]:28459783[28459783]:30[18]|28346716[28346716]:28346666[28346666]:51[51]
5	33403490+2118	0	434	1	67491at6656|AgamP4_2R|+|910|1.973e-268|4|33403490|33405607|33403490[33403490]:33404686[33404686]:1197[1197]|33404765[33404765]:33404950[33404950]:186[186]|33405016[33405019]:33405174[33405174]:159[156]|33405257[33405257]:33405607[33405607]:351[351]
5	34887478+141533	0	455	1	164354at6656|AgamP4_2R|+|48|6.067e-09|3|34887478|35029010|34887478[34887478]:34887591[34887591]:114[114]|35005652[35005652]:35005687[35005687]:36[36]|35028966[35028966]:35029010[35029010]:45[45]
5	6977418+48746	0	458	1	151658at6656|AgamP4_2R|+|42|3.883e-07|2|6977418|7026163|6977418[6977418]:6977639[6977639]:222[222]|7026128[7026128]:7026163[7026163]:36[36]
5	27471272-72398	0	463	-1	113300at6656|AgamP4_2R|-|44|9.707e-08|3|27398875|27471272|27471272[27471272]:27471096[27471096]:177[177]|27433587[27433587]:27433537[27433537]:51[51]|27398913[27398913]:27398875[27398875]:39[39]
5	33117300+79241	0	502	1	131276at6656|AgamP4_2R|+|55|4.74e-11|2|33117300|33196540|33117300[33117300]:33117614[33117614]:315[315]|33196493[33196493]:33196540[33196540]:48[48]
5	33778308-541	0	525	-1	147322at6656|AgamP4_2R|-|317|6.395e-90|2|33777768|33778308|33778308[33778308]:33778168[33778168]:141[141]|33778091[33778091]:33777768[33777768]:324[324]
5	32086345-6698	0	547	-1	164354at6656|AgamP4_2R|-|35|4.97e-05|2|32079648|32086345|32086345[32086345]:32086196[32086196]:150[150]|32079692[32079692]:32079648[32079648]:45[45]
5	43211181-120615	0	563	-1	164354at6656|AgamP4_2R|-|32|0.0003976|2|43090567|43211181|43211181[43211181]:43211029[43211029]:153[153]|43090623[43090623]:43090567[43090567]:57[57]
5	16613578-70285	0	613	-1	67491at6656|AgamP4_2R|-|102|3.368e-25|2|16543294|16613578|16613578[16613578]:16613540[16613540]:39[39]|16544121[16544121]:16543294[16543294]:828[828]
5	42417736-13577	0	619	-1	156395at6656|AgamP4_2R|-|33|0.0001988|2|42404160|42417736|42417736[42417736]:42417581[42417581]:156[156]|42404219[42404219]:42404160[42404160]:60[60]
5	33777748-261	0	678	-1	147322at6656|AgamP4_2R|-|81|7.062e-19|1|33777488|33777748|33777748[33777748]:33777488[33777488]:261[261]
5	59571065+186	0	678	1	147322at6656|AgamP4_2R|+|46|2.427e-08|1|59571065|59571250|59571065[59571065]:59571250[59571250]:186[186]
5	39449340+1246	0	707	1	117586at6656|AgamP4_2R|+|812|6.252e-239|2|39449340|39450585|39449340[39449340]:39449753[39449753]:414[414]|39449824[39449827]:39450585[39450585]:762[759]
5	33404118+1376	0	720	1	67491at6656|AgamP4_2R|+|723|3.87e-212|5|33404118|33405493|33404118[33404118]:33404480[33404480]:363[363]|33404543[33404549]:33404686[33404686]:144[138]|33404765[33404765]:33404950[33404950]:186[186]|33405016[33405019]:33405174[33405174]:159[156]|33405251[33405257]:33405493[33405493]:243[237]
5	52059706+240	0	726	1	164354at6656|AgamP4_2R|+|32|0.0003976|1|52059706|52059945|52059706[52059706]:52059945[52059945]:240[240]
5	25271008-84924	0	778	-1	109793at6656|AgamP4_2R|-|42|3.883e-07|2|25186085|25271008|25271008[25271008]:25270979[25270979]:30[30]|25186447[25186447]:25186085[25186085]:363[363]
5	6883652-55442	0	818	-1	137197at6656|AgamP4_2R|-|133|1.568e-34|3|6828211|6883652|6883652[6883652]:6883620[6883620]:33[33]|6828655[6828655]:6828497[6828497]:159[159]|6828435[6828429]:6828211[6828211]:225[219]
5	58636815-304	0	843	-1	131276at6656|AgamP4_2R|-|93|1.724e-22|2|58636512|58636815|58636815[58636815]:58636714[58636714]:102[102]|58636646[58636646]:58636512[58636512]:135[135]
5	15893610+60012	0	843	1	131276at6656|AgamP4_2R|+|41|7.765e-07|2|15893610|15953621|15893610[15893610]:15893702[15893702]:93[93]|15953466[15953469]:15953621[15953621]:156[153]
5	34607511-112041	0	858	-1	132760at6656|AgamP4_2R|-|114|8.222e-29|3|34495471|34607511|34607511[34607511]:34607278[34607278]:234[234]|34607173[34607173]:34607024[34607024]:150[150]|34495506[34495506]:34495471[34495471]:36[36]
5	47017766-124295	0	867	-1	164354at6656|AgamP4_2R|-|47|1.213e-08|2|46893472|47017766|47017766[47017766]:47017674[47017674]:93[93]|46893600[46893594]:46893472[46893472]:129[123]
5	10523068-50030	0	878	-1	67491at6656|AgamP4_2R|-|146|1.914e-38|2|10473039|10523068|10523068[10523068]:10522439[10522439]:630[630]|10473092[10473089]:10473039[10473039]:54[51]
5	58031063-82552	0	905	-1	67491at6656|AgamP4_2R|-|106|2.105e-26|2|57948512|58031063|58031063[58031063]:58030866[58030866]:198[198]|57949240[57949231]:57948512[57948512]:729[720]
5	52327428-162065	0	961	-1	151658at6656|AgamP4_2R|-|40|1.553e-06|3|52165364|52327428|52327428[52327428]:52327384[52327384]:45[45]|52239935[52239935]:52239801[52239801]:135[135]|52165480[52165480]:52165364[52165364]:117[117]
5	52190537+1332	0	977	1	119012at6656|AgamP4_2R|+|120|1.285e-30|2|52190537|52191868|52190537[52190537]:52190659[52190659]:123[123]|52191692[52191692]:52191868[52191868]:177[177]
5	38928659-207324	0	997	-1	164354at6656|AgamP4_2R|-|35|4.97e-05|3|38721336|38928659|38928659[38928659]:38928627[38928627]:33[33]|38817478[38817478]:38817443[38817443]:36[36]|38721416[38721416]:38721336[38721336]:81[81]
5	8015789+15783	0	997	1	164354at6656|AgamP4_2R|+|32|0.0003976|2|8015789|8031571|8015789[8015789]:8015842[8015842]:54[54]|8031473[8031473]:8031571[8031571]:99[99]
5	23349616-30138	0	1042	-1	117586at6656|AgamP4_2R|-|46|2.427e-08|2|23319479|23349616|23349616[23349616]:23349509[23349509]:108[108]|23319775[23319775]:23319479[23319479]:297[297]
5	55703959-19339	0	1056	-1	164354at6656|AgamP4_2R|-|35|4.97e-05|2|55684621|55703959|55703959[55703959]:55703789[55703789]:171[171]|55684653[55684653]:55684621[55684621]:33[33]
5	39601909+52720	0	1056	1	164354at6656|AgamP4_2R|+|39|3.106e-06|2|39601909|39654628|39601909[39601909]:39602034[39602034]:126[126]|39654566[39654566]:39654628[39654628]:63[63]
5	55933909-129630	0	1085	-1	113300at6656|AgamP4_2R|-|56|2.37e-11|2|55804280|55933909|55933909[55933909]:55933292[55933292]:618[618]|55804315[55804303]:55804280[55804280]:36[24]
5	34090732+68608	0	1104	1	164354at6656|AgamP4_2R|+|31|0.0007952|2|34090732|34159339|34090732[34090732]:34090884[34090884]:153[153]|34159295[34159295]:34159339[34159339]:45[45]
5	39071789-128591	0	1118	-1	130563at6656|AgamP4_2R|-|45|4.853e-08|3|38943199|39071789|39071789[39071789]:39071331[39071331]:459[459]|38966429[38966429]:38966352[38966352]:78[78]|38943282[38943282]:38943199[38943199]:84[84]
5	58375604-5424	0	1120	-1	151658at6656|AgamP4_2R|-|45|4.853e-08|2|58370181|58375604|58375604[58375604]:58375566[58375566]:39[39]|58370516[58370516]:58370181[58370181]:336[336]
5	12436945-61870	0	1136	-1	151658at6656|AgamP4_2R|-|45|4.853e-08|2|12375076|12436945|12436945[12436945]:12436712[12436712]:234[234]|12375132[12375129]:12375076[12375076]:57[54]
5	32164969-99856	0	1266	-1	164354at6656|AgamP4_2R|-|41|7.765e-07|2|32065114|32164969|32164969[32164969]:32164841[32164841]:129[129]|32065179[32065173]:32065114[32065114]:66[60]
5	57072260+411	0	1286	1	119012at6656|AgamP4_2R|+|102|3.368e-25|1|57072260|57072670|57072260[57072260]:57072670[57072670]:411[411]
5	14618920+97451	0	1322	1	164354at6656|AgamP4_2R|+|39|3.106e-06|2|14618920|14716370|14618920[14618920]:14618988[14618988]:69[69]|14716224[14716224]:14716370[14716370]:147[147]
5	25211747-91652	0	1347	-1	130563at6656|AgamP4_2R|-|38|6.212e-06|2|25120096|25211747|25211747[25211747]:25211313[25211313]:435[435]|25120152[25120140]:25120096[25120096]:57[45]
5	39449346+408	0	1370	1	117586at6656|AgamP4_2R|+|130|1.255e-33|1|39449346|39449753|39449346[39449346]:39449753[39449753]:408[408]
5	46796225-70734	0	1459	-1	117586at6656|AgamP4_2R|-|42|3.883e-07|2|46725492|46796225|46796225[46796225]:46796031[46796031]:195[195]|46725530[46725518]:46725492[46725492]:39[27]
5	30063622-1645	0	1461	-1	132760at6656|AgamP4_2R|-|104|8.419e-26|3|30061978|30063622|30063622[30063622]:30063473[30063473]:150[150]|30063218[30063218]:30063129[30063129]:90[90]|30062085[30062085]:30061978[30061978]:108[108]
5	25403816+111341	0	1517	1	164354at6656|AgamP4_2R|+|39|3.106e-06|2|25403816|25515156|25403816[25403816]:25403863[25403863]:48[48]|25515100[25515103]:25515156[25515156]:57[54]
5	11697182-102315	0	1537	-1	134708at6656|AgamP4_2R|-|41|7.765e-07|2|11594868|11697182|11697182[11697182]:11697135[11697135]:48[48]|11594993[11594987]:11594868[11594868]:126[120]
5	52566741+107331	0	1537	1	134708at6656|AgamP4_2R|+|37|1.242e-05|2|52566741|52674071|52566741[52566741]:52566803[52566803]:63[63]|52673952[52673952]:52674071[52674071]:120[120]
5	5357865-1218	0	1541	-1	67491at6656|AgamP4_2R|-|82|3.531e-19|1|5356648|5357865|5357865[5357865]:5356648[5356648]:1218[1218]
5	40482138-122501	0	1562	-1	156395at6656|AgamP4_2R|-|46|2.427e-08|2|40359638|40482138|40482138[40482138]:40482100[40482100]:39[39]|40359748[40359748]:40359638[40359638]:111[111]
5	51230987-855	0	1563	-1	67491at6656|AgamP4_2R|-|84|8.828e-20|1|51230133|51230987|51230987[51230987]:51230133[51230133]:855[855]
5	47466473-327	0	1570	-1	132760at6656|AgamP4_2R|-|34|9.939e-05|1|47466147|47466473|47466473[47466473]:47466147[47466147]:327[327]
5	55678134+57108	0	1578	1	164354at6656|AgamP4_2R|+|47|1.213e-08|2|55678134|55735241|55678134[55678134]:55678172[55678172]:39[39]|55735065[55735065]:55735241[55735241]:177[177]
5	41329195+59171	0	1579	1	67491at6656|AgamP4_2R|+|99|2.694e-24|3|41329195|41388365|41329195[41329195]:41330172[41330172]:978[978]|41376439[41376439]:41376480[41376480]:42[42]|41388315[41388318]:41388365[41388365]:51[48]
5	18623986+17189	0	1645	1	127602at6656|AgamP4_2R|+|35|4.97e-05|2|18623986|18641174|18623986[18623986]:18624060[18624060]:75[75]|18640926[18640926]:18641174[18641174]:249[249]
5	13801338-109795	0	1656	-1	164354at6656|AgamP4_2R|-|36|2.485e-05|2|13691544|13801338|13801338[13801338]:13801282[13801282]:57[57]|13691714[13691714]:13691544[13691544]:171[171]
5	58132576-90253	0	1660	-1	164354at6656|AgamP4_2R|-|34|9.939e-05|2|58042324|58132576|58132576[58132576]:58132466[58132466]:111[111]|58042392[58042392]:58042324[58042324]:69[69]
5	4444852+115791	0	1766	1	151658at6656|AgamP4_2R|+|41|7.765e-07|2|4444852|4560642|4444852[4444852]:4444890[4444890]:39[39]|4560556[4560565]:4560642[4560642]:87[78]
5	19381570-40330	0	1777	-1	164354at6656|AgamP4_2R|-|34|9.939e-05|2|19341241|19381570|19381570[19381570]:19381373[19381373]:198[198]|19341306[19341291]:19341241[19341241]:66[51]
5	45541176-91459	0	1781	-1	164354at6656|AgamP4_2R|-|39|3.106e-06|2|45449718|45541176|45541176[45541176]:45541075[45541075]:102[102]|45449837[45449825]:45449718[45449718]:120[108]
5	18511038+50141	0	1802	1	164354at6656|AgamP4_2R|+|35|4.97e-05|2|18511038|18561178|18511038[18511038]:18511211[18511211]:174[174]|18561134[18561134]:18561178[18561178]:45[45]
5	52623988-4162	0	1819	-1	164354at6656|AgamP4_2R|-|34|9.939e-05|2|52619827|52623988|52623988[52623988]:52623905[52623905]:84[84]|52619886[52619886]:52619827[52619827]:60[60]
5	4997704+93795	0	1824	1	164354at6656|AgamP4_2R|+|32|0.0003976|2|4997704|5091498|4997704[4997704]:4997739[4997739]:36[36]|5091328[5091328]:5091498[5091498]:171[171]
5	55077629-339	0	1854	-1	130563at6656|AgamP4_2R|-|32|0.0003976|1|55077291|55077629|55077629[55077629]:55077291[55077291]:339[339]
5	15941783-24777	0	1876	-1	113300at6656|AgamP4_2R|-|44|9.707e-08|2|15917007|15941783|15941783[15941783]:15941664[15941664]:120[120]|15917036[15917033]:15917007[15917007]:30[27]
5	36672198+55259	0	1876	1	113300at6656|AgamP4_2R|+|35|4.97e-05|2|36672198|36727456|36672198[36672198]:36672269[36672269]:72[72]|36727304[36727304]:36727456[36727456]:153[153]
5	42918200-71863	0	1894	-1	164354at6656|AgamP4_2R|-|31|0.0007952|2|42846338|42918200|42918200[42918200]:42918015[42918015]:186[186]|42846370[42846370]:42846338[42846338]:33[33]
5	11972347+122702	0	1897	1	132760at6656|AgamP4_2R|+|53|1.896e-10|3|11972347|12095048|11972347[11972347]:11972388[11972388]:42[42]|12037199[12037199]:12037234[12037234]:36[36]|12094863[12094863]:12095048[12095048]:186[186]
5	58116994-276	0	1911	-1	119012at6656|AgamP4_2R|-|79|2.825e-18|1|58116719|58116994|58116994[58116994]:58116719[58116719]:276[276]
5	4752785-28432	0	1916	-1	164354at6656|AgamP4_2R|-|35|4.97e-05|2|4724354|4752785|4752785[4752785]:4752672[4752672]:114[114]|4724449[4724434]:4724354[4724354]:96[81]
5	57485077+114689	0	1966	1	137197at6656|AgamP4_2R|+|155|3.739e-41|3|57485077|57599765|57485077[57485077]:57485115[57485115]:39[39]|57599235[57599235]:57599360[57599360]:126[126]|57599424[57599427]:57599765[57599765]:342[339]
5	52184961+7626	0	1995	1	119012at6656|AgamP4_2R|+|490|5.342e-142|4|52184961|52192586|52184961[52184961]:52185119[52185119]:159[159]|52186992[52186995]:52187534[52187534]:543[540]|52191465[52191465]:52191626[52191626]:162[162]|52192470[52192470]:52192586[52192586]:117[117]
5	31369496-102954	0	2005	-1	67491at6656|AgamP4_2R|-|118|5.139e-30|3|31266543|31369496|31369496[31369496]:31368933[31368933]:564[564]|31368826[31368826]:31368725[31368725]:102[102]|31266587[31266587]:31266543[31266543]:45[45]
5	7155749-113176	0	2024	-1	67491at6656|AgamP4_2R|-|123|1.606e-31|2|7042574|7155749|7155749[7155749]:7154982[7154982]:768[768]|7042606[7042606]:7042574[7042574]:33[33]
5	33300231-63097	0	2078	-1	164354at6656|AgamP4_2R|-|55|4.74e-11|3|33237135|33300231|33300231[33300231]:33300124[33300124]:108[108]|33238898[33238898]:33238833[33238833]:66[66]|33237188[33237188]:33237135[33237135]:54[54]
5	40153316-143982	0	2099	-1	164354at6656|AgamP4_2R|-|63|1.851e-13|3|40009335|40153316|40153316[40153316]:40153227[40153227]:90[90]|40120785[40120782]:40120708[40120708]:78[75]|40009376[40009376]:40009335[40009335]:42[42]
5	58638870-4271	0	2116	-1	131276at6656|AgamP4_2R|-|1390|0|7|58634600|58638870|58638870[58638870]:58638781[58638781]:90[90]|58638646[58638646]:58637126[58637126]:1521[1521]|58636875[58636875]:58636714[58636714]:162[162]|58636646[58636646]:58636512[58636512]:135[135]|58636453[58636450]:58636412[58636412]:42[39]|58635393[58635393]:58634815[58634815]:579[579]|58634731[58634725]:58634600[58634600]:132[126]
5	22729984+152922	0	2167	1	164354at6656|AgamP4_2R|+|46|2.427e-08|3|22729984|22882905|22729984[22729984]:22730046[22730046]:63[63]|22846823[22846823]:22846879[22846879]:57[57]|22882870[22882870]:22882905[22882905]:36[36]
5	31376390-130007	0	2266	-1	137197at6656|AgamP4_2R|-|160|1.168e-42|4|31246384|31376390|31376390[31376390]:31376346[31376346]:45[45]|31247060[31247057]:31246881[31246881]:180[177]|31246745[31246745]:31246653[31246653]:93[93]|31246569[31246569]:31246384[31246384]:186[186]
5	30568859-35532	0	2317	-1	67491at6656|AgamP4_2R|-|116|2.055e-29|2|30533328|30568859|30568859[30568859]:30567993[30567993]:867[867]|30533378[30533372]:30533328[30533328]:51[45]
5	21620286-116983	0	2391	-1	156395at6656|AgamP4_2R|-|49|3.033e-09|2|21503304|21620286|21620286[21620286]:21620194[21620194]:93[93]|21503447[21503447]:21503304[21503304]:144[144]
5	15231616+168	0	2395	1	137197at6656|AgamP4_2R|+|45|4.853e-08|1|15231616|15231783|15231616[15231616]:15231783[15231783]:168[168]
5	15126803+52747	0	2399	1	164354at6656|AgamP4_2R|+|37|1.242e-05|2|15126803|15179549|15126803[15126803]:15126853[15126853]:51[51]|15179388[15179388]:15179549[15179549]:162[162]
5	39864302-63956	0	2403	-1	164354at6656|AgamP4_2R|-|41|7.765e-07|2|39800347|39864302|39864302[39864302]:39864159[39864159]:144[144]|39800379[39800379]:39800347[39800347]:33[33]
5	47652042-82433	0	2428	-1	164354at6656|AgamP4_2R|-|56|2.37e-11|3|47569610|47652042|47652042[47652042]:47651887[47651887]:156[156]|47589214[47589214]:47589188[47589188]:27[27]|47569648[47569645]:47569610[47569610]:39[36]
5	20874372-162	0	2453	-1	156395at6656|AgamP4_2R|-|38|6.212e-06|1|20874211|20874372|20874372[20874372]:20874211[20874211]:162[162]
5	3592906+81885	0	2479	1	164354at6656|AgamP4_2R|+|43|1.941e-07|2|3592906|3674790|3592906[3592906]:3592947[3592947]:42[42]|3674641[3674641]:3674790[3674790]:150[150]
5	13195480-59060	0	2490	-1	132760at6656|AgamP4_2R|-|65|4.628e-14|2|13136421|13195480|13195480[13195480]:13195094[13195094]:387[387]|13136459[13136459]:13136421[13136421]:39[39]
5	771791+66479	0	2502	1	164354at6656|AgamP4_2R|+|44|9.707e-08|2|771791|838269|771791[771791]:771949[771949]:159[159]|838222[838237]:838269[838269]:48[33]
5	39215186+2702	0	2513	1	156395at6656|AgamP4_2R|+|432|1.54e-124|4|39215186|39217887|39215186[39215186]:39215473[39215473]:288[288]|39216446[39216446]:39216613[39216613]:168[168]|39217432[39217432]:39217605[39217605]:174[174]|39217663[39217666]:39217887[39217887]:225[222]
5	38941700+107722	0	2514	1	163896at6656|AgamP4_2R|+|40|1.553e-06|2|38941700|39049421|38941700[38941700]:38941915[38941915]:216[216]|39049392[39049392]:39049421[39049421]:30[30]
5	729952-78619	0	2541	-1	117586at6656|AgamP4_2R|-|47|1.213e-08|2|651334|729952|729952[729952]:729917[729917]:36[36]|651723[651717]:651334[651334]:390[384]
5	25756955-184426	0	2560	-1	164354at6656|AgamP4_2R|-|40|1.553e-06|3|25572530|25756955|25756955[25756955]:25756833[25756833]:123[123]|25686213[25686213]:25686145[25686145]:69[69]|25572577[25572577]:25572530[25572530]:48[48]
5	1586110+2503	0	2569	1	137197at6656|AgamP4_2R|+|120|1.285e-30|3|1586110|1588612|1586110[1586110]:1586214[1586214]:105[105]|1588209[1588209]:1588415[1588415]:207[207]|1588502[1588505]:1588612[1588612]:111[108]
5	2899396-69580	0	2597	-1	163896at6656|AgamP4_2R|-|35|4.97e-05|2|2829817|2899396|2899396[2899396]:2899274[2899274]:123[123]|2829903[2829903]:2829817[2829817]:87[87]
5	1339953+89349	0	2613	1	147322at6656|AgamP4_2R|+|46|2.427e-08|2|1339953|1429301|1339953[1339953]:1340024[1340024]:72[72]|1429077[1429077]:1429301[1429301]:225[225]
5	45775564-297	0	2628	-1	119012at6656|AgamP4_2R|-|56|2.37e-11|1|45775268|45775564|45775564[45775564]:45775268[45775268]:297[297]
5	51856645-579	0	2808	-1	137197at6656|AgamP4_2R|-|121|6.423e-31|1|51856067|51856645|51856645[51856645]:51856067[51856067]:579[579]
5	5933381-86198	0	2863	-1	164354at6656|AgamP4_2R|-|42|3.883e-07|2|5847184|5933381|5933381[5933381]:5933346[5933346]:36[36]|5847327[5847327]:5847184[5847184]:144[144]
10	37165885-9643	0	28	-1	164354at6656|AgamP4_3L|-|43|1.941e-07|2|37156243|37165885|37165885[37165885]:37165829[37165829]:57[57]|37156386[37156380]:37156243[37156243]:144[138]
10	9914277+31312	0	28	1	164354at6656|AgamP4_3L|+|47|1.213e-08|2|9914277|9945588|9914277[9914277]:9914384[9914384]:108[108]|9945505[9945505]:9945588[9945588]:84[84]
10	19900448-7932	0	151	-1	117586at6656|AgamP4_3L|-|73|1.808e-16|2|19892517|19900448|19900448[19900448]:19899576[19899576]:873[873]|19892573[19892573]:19892517[19892517]:57[57]
10	22012738-21685	0	168	-1	137197at6656|AgamP4_3L|-|137|9.801e-36|3|21991054|22012738|22012738[22012738]:22012673[22012673]:66[66]|21995226[21995223]:21995062[21995062]:165[162]|21991269[21991257]:21991054[21991054]:216[204]
10	32540225-107719	0	182	-1	163896at6656|AgamP4_3L|-|31|0.0007952|2|32432507|32540225|32540225[32540225]:32540157[32540157]:69[69]|32432662[32432662]:32432507[32432507]:156[156]
10	20378828-864	0	224	-1	117586at6656|AgamP4_3L|-|96|2.155e-23|1|20377965|20378828|20378828[20378828]:20377965[20377965]:864[864]
10	37748124+1027	0	257	1	137197at6656|AgamP4_3L|+|123|1.606e-31|3|37748124|37749150|37748124[37748124]:37748288[37748288]:165[165]|37748595[37748595]:37748744[37748744]:150[150]|37748983[37748983]:37749150[37749150]:168[168]
10	2371492-1004	0	270	-1	117586at6656|AgamP4_3L|-|122|3.212e-31|3|2370489|2371492|2371492[2371492]:2371376[2371376]:117[117]|2371252[2371252]:2370719[2370719]:534[534]|2370632[2370632]:2370489[2370489]:144[144]
10	20398648-858	0	315	-1	117586at6656|AgamP4_3L|-|103|1.684e-25|2|20397791|20398648|20398648[20398648]:20397992[20397992]:657[657]|20397982[20397970]:20397791[20397791]:192[180]
10	19766572+108899	0	315	1	117586at6656|AgamP4_3L|+|106|2.105e-26|2|19766572|19875470|19766572[19766572]:19766643[19766643]:72[72]|19874583[19874586]:19875470[19875470]:888[885]
10	4901589+91737	0	333	1	164354at6656|AgamP4_3L|+|40|1.553e-06|2|4901589|4993325|4901589[4901589]:4901639[4901639]:51[51]|4993170[4993179]:4993325[4993325]:156[147]
10	12359790-30004	0	397	-1	137197at6656|AgamP4_3L|-|143|1.531e-37|2|12329787|12359790|12359790[12359790]:12359368[12359368]:423[423]|12329822[12329819]:12329787[12329787]:36[33]
10	27678931+54675	0	413	1	164354at6656|AgamP4_3L|+|34|9.939e-05|2|27678931|27733605|27678931[27678931]:27679074[27679074]:144[144]|27733525[27733525]:27733605[27733605]:81[81]
10	20456539-237896	0	414	-1	117586at6656|AgamP4_3L|-|71|7.232e-16|3|20218644|20456539|20456539[20456539]:20456486[20456486]:54[54]|20343570[20343567]:20342899[20342899]:672[669]|20218688[20218688]:20218644[20218644]:45[45]
10	30224091-216	0	448	-1	164354at6656|AgamP4_3L|-|31|0.0007952|1|30223876|30224091|30224091[30224091]:30223876[30223876]:216[216]
10	41236681+429	0	517	1	132760at6656|AgamP4_3L|+|154|7.478e-41|1|41236681|41237109|41236681[41236681]:41237109[41237109]:429[429]
10	32617933+410	0	529	1	119012at6656|AgamP4_3L|+|96|2.155e-23|2|32617933|32618342|32617933[32617933]:32618145[32618145]:213[213]|32618229[32618235]:32618342[32618342]:114[108]
10	33858476+3788	0	535	1	119012at6656|AgamP4_3L|+|76|2.26e-17|2|33858476|33862263|33858476[33858476]:33858646[33858646]:171[171]|33862129[33862129]:33862263[33862263]:135[135]
10	36207081+24717	0	604	1	113300at6656|AgamP4_3L|+|34|9.939e-05|2|36207081|36231797|36207081[36207081]:36207128[36207128]:48[48]|36231390[36231390]:36231797[36231797]:408[408]
10	19940787-338	0	619	-1	156395at6656|AgamP4_3L|-|38|6.212e-06|2|19940450|19940787|19940787[19940787]:19940653[19940653]:135[135]|19940536[19940536]:19940450[19940450]:87[87]
10	19019309+48813	0	678	1	147322at6656|AgamP4_3L|+|36|2.485e-05|2|19019309|19068121|19019309[19019309]:19019347[19019347]:39[39]|19067984[19067990]:19068121[19068121]:138[132]
10	28345474+47203	0	726	1	164354at6656|AgamP4_3L|+|38|6.212e-06|2|28345474|28392676|28345474[28345474]:28345581[28345581]:108[108]|28392548[28392548]:28392676[28392676]:129[129]
10	19910354+1140	0	752	1	117586at6656|AgamP4_3L|+|75|4.52e-17|2|19910354|19911493|19910354[19910354]:19911295[19911295]:942[942]|19911362[19911368]:19911493[19911493]:132[126]
10	784543-110068	0	787	-1	147322at6656|AgamP4_3L|-|34|9.939e-05|2|674476|784543|784543[784543]:784397[784397]:147[147]|674535[674520]:674476[674476]:60[45]
10	19945343-57443	0	830	-1	117586at6656|AgamP4_3L|-|96|2.155e-23|3|19887901|19945343|19945343[19945343]:19945299[19945299]:45[45]|19888980[19888980]:19888087[19888087]:894[894]|19887984[19887984]:19887901[19887901]:84[84]
10	30509790+208595	0	867	1	164354at6656|AgamP4_3L|+|85|4.414e-20|4|30509790|30718384|30509790[30509790]:30509855[30509855]:66[66]|30565556[30565556]:30565591[30565591]:36[36]|30647558[30647558]:30647614[30647614]:57[57]|30718349[30718349]:30718384[30718384]:36[36]
10	33162489+102666	0	878	1	67491at6656|AgamP4_3L|+|93|1.724e-22|2|33162489|33265154|33162489[33162489]:33163241[33163241]:753[753]|33265110[33265125]:33265154[33265154]:45[30]
10	36310084+349	0	891	1	119012at6656|AgamP4_3L|+|79|2.825e-18|2|36310084|36310432|36310084[36310084]:36310233[36310233]:150[150]|36310319[36310322]:36310432[36310432]:114[111]
10	18041296+60745	0	914	1	164354at6656|AgamP4_3L|+|49|3.033e-09|3|18041296|18102040|18041296[18041296]:18041391[18041391]:96[96]|18068099[18068099]:18068131[18068131]:33[33]|18101927[18101930]:18102040[18102040]:114[111]
10	20232449-71718	0	1025	-1	164354at6656|AgamP4_3L|-|41|7.765e-07|2|20160732|20232449|20232449[20232449]:20232411[20232411]:39[39]|20160917[20160914]:20160732[20160732]:186[183]
10	401598+106569	0	1026	1	119012at6656|AgamP4_3L|+|39|3.106e-06|2|401598|508166|401598[401598]:401651[401651]:54[54]|507897[507897]:508166[508166]:270[270]
10	38433951-43875	0	1053	-1	119012at6656|AgamP4_3L|-|43|1.941e-07|2|38390077|38433951|38433951[38433951]:38433916[38433916]:36[36]|38390214[38390205]:38390077[38390077]:138[129]
10	8976570+1837	0	1071	1	80317at6656|AgamP4_3L|+|959|3.504e-283|5|8976570|8978406|8976570[8976570]:8977241[8977241]:672[672]|8977311[8977311]:8977469[8977469]:159[159]|8977510[8977519]:8977881[8977881]:372[363]|8977955[8977964]:8978068[8978068]:114[105]|8978149[8978149]:8978406[8978406]:258[258]
10	33361688+297	0	1087	1	151658at6656|AgamP4_3L|+|31|0.0007952|1|33361688|33361984|33361688[33361688]:33361984[33361984]:297[297]
10	35910438-460	0	1133	-1	67491at6656|AgamP4_3L|-|95|4.311e-23|2|35909979|35910438|35910438[35910438]:35910133[35910133]:306[306]|35910056[35910056]:35909979[35909979]:78[78]
10	39278960+465	0	1133	1	67491at6656|AgamP4_3L|+|109|2.631e-27|2|39278960|39279424|39278960[39278960]:39279118[39279118]:159[159]|39279200[39279203]:39279424[39279424]:225[222]
10	41826989+675	0	1189	1	113300at6656|AgamP4_3L|+|45|4.853e-08|1|41826989|41827663|41826989[41826989]:41827663[41827663]:675[675]
10	38141338-161061	0	1206	-1	164354at6656|AgamP4_3L|-|49|3.033e-09|3|37980278|38141338|38141338[38141338]:38141294[38141294]:45[45]|38080450[38080450]:38080367[38080367]:84[84]|37980334[37980334]:37980278[37980278]:57[57]
10	2394251+1237	0	1271	1	117586at6656|AgamP4_3L|+|146|1.914e-38|2|2394251|2395487|2394251[2394251]:2394931[2394931]:681[681]|2394993[2394996]:2395487[2395487]:495[492]
10	9802413+18576	0	1283	1	164354at6656|AgamP4_3L|+|34|9.939e-05|2|9802413|9820988|9802413[9802413]:9802523[9802523]:111[111]|9820896[9820896]:9820988[9820988]:93[93]
10	29652071-252273	0	1322	-1	164354at6656|AgamP4_3L|-|59|2.962e-12|3|29399799|29652071|29652071[29652071]:29651997[29651997]:75[75]|29522330[29522330]:29522289[29522289]:42[42]|29399963[29399954]:29399799[29399799]:165[156]
10	22175736-40558	0	1337	-1	132760at6656|AgamP4_3L|-|42|3.883e-07|3|22135179|22175736|22175736[22175736]:22175707[22175707]:30[30]|22174038[22174032]:22173961[22173961]:78[72]|22135277[22135277]:22135179[22135179]:99[99]
10	33915494-79520	0	1344	-1	164354at6656|AgamP4_3L|-|167|9.128e-45|2|33835975|33915494|33915494[33915494]:33914196[33914196]:1299[1299]|33836052[33836052]:33835975[33835975]:78[78]
10	20189135+107073	0	1344	1	164354at6656|AgamP4_3L|+|180|1.114e-48|2|20189135|20296207|20189135[20189135]:20189245[20189245]:111[111]|20294981[20294981]:20296207[20296207]:1227[1227]
10	20782765+3706	0	1386	1	137197at6656|AgamP4_3L|+|79|2.825e-18|2|20782765|20786470|20782765[20782765]:20782995[20782995]:231[231]|20786291[20786303]:20786470[20786470]:180[168]
10	33982870-231	0	1459	-1	117586at6656|AgamP4_3L|-|38|6.212e-06|1|33982640|33982870|33982870[33982870]:33982640[33982640]:231[231]
10	2268641+125227	0	1473	1	113300at6656|AgamP4_3L|+|51|7.583e-10|2|2268641|2393867|2268641[2268641]:2269090[2269090]:450[450]|2393793[2393793]:2393867[2393867]:75[75]
10	15203191-113796	0	1517	-1	164354at6656|AgamP4_3L|-|46|2.427e-08|2|15089396|15203191|15203191[15203191]:15203105[15203105]:87[87]|15089437[15089434]:15089396[15089396]:42[39]
10	27825767+16020	0	1517	1	164354at6656|AgamP4_3L|+|31|0.0007952|2|27825767|27841786|27825767[27825767]:27825820[27825820]:54[54]|27841724[27841724]:27841786[27841786]:63[63]
10	19720160-44642	0	1521	-1	127602at6656|AgamP4_3L|-|31|0.0007952|2|19675519|19720160|19720160[19720160]:19719840[19719840]:321[321]|19675566[19675566]:19675519[19675519]:48[48]
10	20105146-516	0	1549	-1	119012at6656|AgamP4_3L|-|57|1.185e-11|2|20104631|20105146|20105146[20105146]:20105027[20105027]:120[120]|20104714[20104705]:20104631[20104631]:84[75]
10	33020350+4155	0	1604	1	156395at6656|AgamP4_3L|+|43|1.941e-07|2|33020350|33024504|33020350[33020350]:33020403[33020403]:54[54]|33024283[33024289]:33024504[33024504]:222[216]
10	18741440-219317	0	1698	-1	117586at6656|AgamP4_3L|-|56|2.37e-11|3|18522124|18741440|18741440[18741440]:18741411[18741411]:30[30]|18651416[18651416]:18651378[18651378]:39[39]|18522213[18522213]:18522124[18522124]:90[90]
10	27363524-130663	0	1726	-1	164354at6656|AgamP4_3L|-|52|3.792e-10|3|27232862|27363524|27363524[27363524]:27363420[27363420]:105[105]|27282286[27282286]:27282227[27282227]:60[60]|27232906[27232891]:27232862[27232862]:45[30]
10	30405707-52339	0	1732	-1	164354at6656|AgamP4_3L|-|35|4.97e-05|2|30353369|30405707|30405707[30405707]:30405537[30405537]:171[171]|30353392[30353392]:30353369[30353369]:24[24]
10	19280667+128006	0	1743	1	151658at6656|AgamP4_3L|+|33|0.0001988|2|19280667|19408672|19280667[19280667]:19280900[19280900]:234[234]|19408631[19408631]:19408672[19408672]:42[42]
10	11710511-170304	0	1762	-1	164354at6656|AgamP4_3L|-|61|7.405e-13|3|11540208|11710511|11710511[11710511]:11710467[11710467]:45[45]|11633474[11633474]:11633328[11633328]:147[147]|11540252[11540252]:11540208[11540208]:45[45]
10	9869727+9707	0	1766	1	151658at6656|AgamP4_3L|+|41|7.765e-07|2|9869727|9879433|9869727[9869727]:9869801[9869801]:75[75]|9879368[9879368]:9879433[9879433]:66[66]
10	22209365+171002	0	1777	1	164354at6656|AgamP4_3L|+|33|0.0001988|3|22209365|22380366|22209365[22209365]:22209397[22209397]:33[33]|22333958[22333958]:22334008[22334008]:51[51]|22380169[22380169]:22380366[22380366]:198[198]
10	32052432-54598	0	1781	-1	164354at6656|AgamP4_3L|-|32|0.0003976|2|31997835|32052432|32052432[32052432]:32052394[32052394]:39[39]|31998035[31998035]:31997835[31997835]:201[201]
10	19900460-873	0	1788	-1	117586at6656|AgamP4_3L|-|53|1.896e-10|1|19899588|19900460|19900460[19900460]:19899588[19899588]:873[873]
10	26443866-1316	0	1811	-1	117586at6656|AgamP4_3L|-|158|4.674e-42|2|26442551|26443866|26443866[26443866]:26443759[26443759]:108[108]|26443636[26443636]:26442551[26442551]:1086[1086]
10	6262329-493	0	1821	-1	67491at6656|AgamP4_3L|-|85|4.414e-20|2|6261837|6262329|6262329[6262329]:6262126[6262126]:204[204]|6261998[6261998]:6261837[6261837]:162[162]
10	33907419+693	0	1844	1	117586at6656|AgamP4_3L|+|34|9.939e-05|1|33907419|33908111|33907419[33907419]:33908111[33908111]:693[693]
10	37484716+79937	0	1865	1	67491at6656|AgamP4_3L|+|102|3.368e-25|2|37484716|37564652|37484716[37484716]:37484751[37484751]:36[36]|37564068[37564068]:37564652[37564652]:585[585]
10	24531951+10654	0	1967	1	151658at6656|AgamP4_3L|+|47|1.213e-08|2|24531951|24542604|24531951[24531951]:24531995[24531995]:45[45]|24542350[24542353]:24542604[24542604]:255[252]
10	27808316-73834	0	1992	-1	137197at6656|AgamP4_3L|-|129|2.509e-33|2|27734483|27808316|27808316[27808316]:27807861[27807861]:456[456]|27734611[27734611]:27734483[27734483]:129[129]
10	1333026-63069	0	2023	-1	164354at6656|AgamP4_3L|-|42|3.883e-07|2|1269958|1333026|1333026[1333026]:1332790[1332790]:237[237]|1269993[1269993]:1269958[1269958]:36[36]
10	41123130+16168	0	2024	1	67491at6656|AgamP4_3L|+|75|4.52e-17|2|41123130|41139297|41123130[41123130]:41123240[41123240]:111[111]|41138584[41138584]:41139297[41139297]:714[714]
10	15796083-44228	0	2126	-1	67491at6656|AgamP4_3L|-|105|4.21e-26|2|15751856|15796083|15796083[15796083]:15795202[15795202]:882[882]|15751882[15751879]:15751856[15751856]:27[24]
10	40471646-105141	0	2134	-1	164354at6656|AgamP4_3L|-|38|6.212e-06|2|40366506|40471646|40471646[40471646]:40471608[40471608]:39[39]|40366652[40366652]:40366506[40366506]:147[147]
10	19306967+84194	0	2167	1	164354at6656|AgamP4_3L|+|41|7.765e-07|2|19306967|19391160|19306967[19306967]:19307002[19307002]:36[36]|19391044[19391056]:19391160[19391160]:117[105]
10	17259463+154745	0	2220	1	164354at6656|AgamP4_3L|+|35|4.97e-05|3|17259463|17414207|17259463[17259463]:17259507[17259507]:45[45]|17289650[17289653]:17289706[17289706]:57[54]|17414124[17414124]:17414207[17414207]:84[84]
10	14630524-98166	0	2276	-1	67491at6656|AgamP4_3L|-|127|1.004e-32|2|14532359|14630524|14630524[14630524]:14629664[14629664]:861[861]|14532457[14532454]:14532359[14532359]:99[96]
10	32997546-59228	0	2297	-1	134708at6656|AgamP4_3L|-|41|7.765e-07|2|32938319|32997546|32997546[32997546]:32997409[32997409]:138[138]|32938402[32938399]:32938319[32938319]:84[81]
10	31694215+43045	0	2475	1	67491at6656|AgamP4_3L|+|112|3.289e-28|2|31694215|31737259|31694215[31694215]:31694268[31694268]:54[54]|31736330[31736330]:31737259[31737259]:930[930]
10	17974288-88721	0	2479	-1	164354at6656|AgamP4_3L|-|39|3.106e-06|2|17885568|17974288|17974288[17974288]:17974112[17974112]:177[177]|17885603[17885603]:17885568[17885568]:36[36]
10	34582287-72748	0	2496	-1	156395at6656|AgamP4_3L|-|34|9.939e-05|2|34509540|34582287|34582287[34582287]:34582255[34582255]:33[33]|34509686[34509686]:34509540[34509540]:147[147]
10	2394993+699	0	2530	1	117586at6656|AgamP4_3L|+|64|9.257e-14|1|2394993|2395691|2394993[2394993]:2395691[2395691]:699[699]
10	5725062+59319	0	2554	1	164354at6656|AgamP4_3L|+|36|2.485e-05|2|5725062|5784380|5725062[5725062]:5725187[5725187]:126[126]|5784330[5784330]:5784380[5784380]:51[51]
10	15775117-103551	0	2621	-1	164354at6656|AgamP4_3L|-|47|1.213e-08|2|15671567|15775117|15775117[15775117]:15775058[15775058]:60[60]|15671740[15671740]:15671567[15671567]:174[174]
10	13575366-64268	0	2641	-1	163896at6656|AgamP4_3L|-|34|9.939e-05|2|13511099|13575366|13575366[13575366]:13575199[13575199]:168[168]|13511137[13511137]:13511099[13511099]:39[39]
10	5568147-7355	0	2656	-1	109793at6656|AgamP4_3L|-|1014|9.727e-300|3|5560793|5568147|5568147[5568147]:5567467[5567467]:681[681]|5561808[5561808]:5561023[5561023]:786[786]|5560930[5560930]:5560793[5560793]:138[138]
10	1793904-708	0	2680	-1	67491at6656|AgamP4_3L|-|74|9.04e-17|1|1793197|1793904|1793904[1793904]:1793197[1793197]:708[708]
10	30790518+919	0	2680	1	67491at6656|AgamP4_3L|+|82|3.531e-19|2|30790518|30791436|30790518[30790518]:30790808[30790808]:291[291]|30790993[30790993]:30791436[30791436]:444[444]
10	6558534-742	0	2783	-1	151658at6656|AgamP4_3L|-|364|4.544e-104|3|6557793|6558534|6558534[6558534]:6558391[6558391]:144[144]|6558284[6558281]:6558153[6558153]:132[129]|6558086[6558086]:6557793[6557793]:294[294]
10	10943648+4214	0	2831	1	164354at6656|AgamP4_3L|+|42|3.883e-07|2|10943648|10947861|10943648[10943648]:10943713[10943713]:66[66]|10947727[10947739]:10947861[10947861]:135[123]
10	13466111-120765	0	2860	-1	117586at6656|AgamP4_3L|-|57|1.185e-11|2|13345347|13466111|13466111[13466111]:13466076[13466076]:36[36]|13346168[13346156]:13345347[13345347]:822[810]
10	22127441+66994	0	2892	1	164354at6656|AgamP4_3L|+|33|0.0001988|2|22127441|22194434|22127441[22127441]:22127539[22127539]:99[99]|22194321[22194321]:22194434[22194434]:114[114]
15	44587691-447	0	30	-1	113300at6656|AgamP4_3R|-|246|1.51e-68|1|44587245|44587691|44587691[44587691]:44587245[44587245]:447[447]
15	4797795+830	0	48	1	67491at6656|AgamP4_3R|+|112|3.289e-28|2|4797795|4798624|4797795[4797795]:4798145[4798145]:351[351]|4798232[4798232]:4798624[4798624]:393[393]
15	47428386+2495	0	57	1	132760at6656|AgamP4_3R|+|632|9.581e-185|3|47428386|47430880|47428386[47428386]:47428742[47428742]:357[357]|47428807[47428810]:47428911[47428911]:105[102]|47430404[47430410]:47430880[47430880]:477[471]
15	17214961+55063	0	109	1	67491at6656|AgamP4_3R|+|132|3.136e-34|2|17214961|17270023|17214961[17214961]:17215752[17215752]:792[792]|17269955[17269970]:17270023[17270023]:69[54]
15	2154154+85185	0	152	1	67491at6656|AgamP4_3R|+|127|1.004e-32|2|2154154|2239338|2154154[2154154]:2154786[2154786]:633[633]|2239300[2239300]:2239338[2239338]:39[39]
15	39823016-84762	0	186	-1	131276at6656|AgamP4_3R|-|31|0.0007952|2|39738255|39823016|39823016[39823016]:39822960[39822960]:57[57]|39738755[39738755]:39738255[39738255]:501[501]
15	44593302-6058	0	187	-1	113300at6656|AgamP4_3R|-|998|6.375e-295|6|44587245|44593302|44593302[44593302]:44592883[44592883]:420[420]|44590048[44590045]:44589860[44589860]:189[186]|44589691[44589688]:44589206[44589206]:486[483]|44589130[44589130]:44588957[44588957]:174[174]|44588150[44588150]:44588043[44588043]:108[108]|44587682[44587682]:44587245[44587245]:438[438]
15	19953584-39777	0	199	-1	163896at6656|AgamP4_3R|-|45|4.853e-08|2|19913808|19953584|19953584[19953584]:19953525[19953525]:60[60]|19913999[19913999]:19913808[19913808]:192[192]
15	18420217+64415	0	262	1	164354at6656|AgamP4_3R|+|31|0.0007952|2|18420217|18484631|18420217[18420217]:18420318[18420318]:102[102]|18484512[18484512]:18484631[18484631]:120[120]
15	1100493+6734	0	295	1	67491at6656|AgamP4_3R|+|69|2.893e-15|2|1100493|1107226|1100493[1100493]:1101335[1101335]:843[843]|1107158[1107158]:1107226[1107226]:69[69]
15	5864218+12859	0	302	1	156395at6656|AgamP4_3R|+|33|0.0001988|2|5864218|5877076|5864218[5864218]:5864307[5864307]:90[90]|5876969[5876969]:5877076[5877076]:108[108]
15	33562057+1052	0	355	1	117586at6656|AgamP4_3R|+|66|2.314e-14|2|33562057|33563108|33562057[33562057]:33562842[33562842]:786[786]|33563031[33563031]:33563108[33563108]:78[78]
15	47267260-85549	0	358	-1	164354at6656|AgamP4_3R|-|43|1.941e-07|2|47181712|47267260|47267260[47267260]:47267075[47267075]:186[186]|47181750[47181744]:47181712[47181712]:39[33]
15	19493587+113572	0	377	1	156395at6656|AgamP4_3R|+|40|1.553e-06|2|19493587|19607158|19493587[19493587]:19493619[19493619]:33[33]|19606841[19606841]:19607158[19607158]:318[318]
15	34886087+240419	0	417	1	164354at6656|AgamP4_3R|+|62|3.703e-13|3|34886087|35126505|34886087[34886087]:34886266[34886266]:180[180]|34999736[34999736]:34999786[34999786]:51[51]|35126458[35126458]:35126505[35126505]:48[48]
15	45615645-804	0	428	-1	67491at6656|AgamP4_3R|-|43|1.941e-07|1|45614842|45615645|45615645[45615645]:45614842[45614842]:804[804]
15	17645445+86826	0	446	1	164354at6656|AgamP4_3R|+|40|1.553e-06|2|17645445|17732270|17645445[17645445]:17645486[17645486]:42[42]|17732064[17732073]:17732270[17732270]:207[198]
15	43276260-462	0	564	-1	67491at6656|AgamP4_3R|-|73|1.808e-16|1|43275799|43276260|43276260[43276260]:43275799[43275799]:462[462]
15	46652790+432	0	564	1	67491at6656|AgamP4_3R|+|72|3.616e-16|1|46652790|46653221|46652790[46652790]:46653221[46653221]:432[432]
15	3113155+117441	0	572	1	164354at6656|AgamP4_3R|+|31|0.0007952|2|3113155|3230595|3113155[3113155]:3113196[3113196]:42[42]|3230437[3230437]:3230595[3230595]:159[159]
15	21533300-684	0	588	-1	67491at6656|AgamP4_3R|-|61|7.405e-13|1|21532617|21533300|21533300[21533300]:21532617[21532617]:684[684]
15	7994163-67334	0	626	-1	151658at6656|AgamP4_3R|-|35|4.97e-05|3|7926830|7994163|7994163[7994163]:7994101[7994101]:63[63]|7979549[7979549]:7979397[7979397]:153[153]|7926919[7926919]:7926830[7926830]:90[90]
15	10564797-680	0	655	-1	137197at6656|AgamP4_3R|-|110|1.315e-27|3|10564118|10564797|10564797[10564797]:10564768[10564768]:30[30]|10564529[10564529]:10564374[10564374]:156[156]|10564294[10564294]:10564118[10564118]:177[177]
15	7665633-81607	0	705	-1	164354at6656|AgamP4_3R|-|38|6.212e-06|2|7584027|7665633|7665633[7665633]:7665508[7665508]:126[126]|7584083[7584080]:7584027[7584027]:57[54]
15	23901592-58402	0	780	-1	164354at6656|AgamP4_3R|-|38|6.212e-06|2|23843191|23901592|23901592[23901592]:23901515[23901515]:78[78]|23843343[23843343]:23843191[23843191]:153[153]
15	18396361-804	0	793	-1	67491at6656|AgamP4_3R|-|78|5.65e-18|1|18395558|18396361|18396361[18396361]:18395558[18395558]:804[804]
15	31271182+354	0	840	1	137197at6656|AgamP4_3R|+|67|1.157e-14|1|31271182|31271535|31271182[31271182]:31271535[31271535]:354[354]
15	25284312-7027	0	865	-1	156395at6656|AgamP4_3R|-|37|1.242e-05|2|25277286|25284312|25284312[25284312]:25284262[25284262]:51[51]|25277462[25277462]:25277286[25277286]:177[177]
15	37826220-92561	0	917	-1	164354at6656|AgamP4_3R|-|45|4.853e-08|2|37733660|37826220|37826220[37826220]:37826182[37826182]:39[39]|37733818[37733818]:37733660[37733660]:159[159]
15	24372410-52764	0	957	-1	67491at6656|AgamP4_3R|-|117|1.028e-29|3|24319647|24372410|24372410[24372410]:24371934[24371934]:477[477]|24371844[24371838]:24371605[24371605]:240[234]|24319703[24319703]:24319647[24319647]:57[57]
15	11638340+44632	0	967	1	156395at6656|AgamP4_3R|+|35|4.97e-05|2|11638340|11682971|11638340[11638340]:11638375[11638375]:36[36]|11682798[11682798]:11682971[11682971]:174[174]
15	14124460-51501	0	968	-1	164354at6656|AgamP4_3R|-|47|1.213e-08|2|14072960|14124460|14124460[14124460]:14124329[14124329]:132[132]|14073004[14073004]:14072960[14072960]:45[45]
15	13286151+106464	0	1025	1	164354at6656|AgamP4_3R|+|35|4.97e-05|2|13286151|13392614|13286151[13286151]:13286402[13286402]:252[252]|13392558[13392558]:13392614[13392614]:57[57]
15	42351471+2836	0	1029	1	113300at6656|AgamP4_3R|+|445|1.879e-128|5|42351471|42354306|42351471[42351471]:42351635[42351635]:165[165]|42352169[42352178]:42352630[42352630]:462[453]|42352697[42352697]:42352927[42352927]:231[231]|42353430[42353430]:42353810[42353810]:381[381]|42353881[42353881]:42354306[42354306]:426[426]
15	50953963+155694	0	1056	1	164354at6656|AgamP4_3R|+|57|1.185e-11|3|50953963|51109656|50953963[50953963]:50954034[50954034]:72[72]|51041817[51041823]:51041954[51041954]:138[132]|51109588[51109594]:51109656[51109656]:69[63]
15	33906822-89951	0	1133	-1	67491at6656|AgamP4_3R|-|87|1.104e-20|2|33816872|33906822|33906822[33906822]:33906754[33906754]:69[69]|33817195[33817195]:33816872[33816872]:324[324]
15	35285793+48752	0	1202	1	164354at6656|AgamP4_3R|+|44|9.707e-08|2|35285793|35334544|35285793[35285793]:35285948[35285948]:156[156]|35334500[35334503]:35334544[35334544]:45[42]
15	5237153+181224	0	1283	1	164354at6656|AgamP4_3R|+|49|3.033e-09|3|5237153|5418376|5237153[5237153]:5237248[5237248]:96[96]|5321799[5321802]:5321861[5321861]:63[60]|5418317[5418317]:5418376[5418376]:60[60]
15	17328731+42074	0	1314	1	119012at6656|AgamP4_3R|+|46|2.427e-08|3|17328731|17370804|17328731[17328731]:17328760[17328760]:30[30]|17338488[17338488]:17338646[17338646]:159[159]|17370763[17370763]:17370804[17370804]:42[42]
15	50182449+94746	0	1335	1	164354at6656|AgamP4_3R|+|48|6.067e-09|2|50182449|50277194|50182449[50182449]:50182562[50182562]:114[114]|50277120[50277120]:50277194[50277194]:75[75]
15	50839488+363	0	1343	1	163896at6656|AgamP4_3R|+|232|2.474e-64|1|50839488|50839850|50839488[50839488]:50839850[50839850]:363[363]
15	33558423+1266	0	1344	1	164354at6656|AgamP4_3R|+|147|9.571e-39|1|33558423|33559688|33558423[33558423]:33559688[33559688]:1266[1266]
15	8872595+35835	0	1379	1	113300at6656|AgamP4_3R|+|87|1.104e-20|2|8872595|8908429|8872595[8872595]:8873248[8873248]:654[654]|8908394[8908394]:8908429[8908429]:36[36]
15	28449244+101199	0	1426	1	127602at6656|AgamP4_3R|+|38|6.212e-06|2|28449244|28550442|28449244[28449244]:28449282[28449282]:39[39]|28550062[28550062]:28550442[28550442]:381[381]
15	2502852-112431	0	1459	-1	117586at6656|AgamP4_3R|-|43|1.941e-07|2|2390422|2502852|2502852[2502852]:2502736[2502736]:117[117]|2390646[2390646]:2390422[2390422]:225[225]
15	27054959-107792	0	1517	-1	164354at6656|AgamP4_3R|-|37|1.242e-05|2|26947168|27054959|27054959[27054959]:27054927[27054927]:33[33]|26947272[26947260]:26947168[26947168]:105[93]
15	4789629+57983	0	1517	1	164354at6656|AgamP4_3R|+|37|1.242e-05|2|4789629|4847611|4789629[4789629]:4789655[4789655]:27[27]|4847537[4847537]:4847611[4847611]:75[75]
15	7589518+984	0	1541	1	67491at6656|AgamP4_3R|+|54|9.479e-11|1|7589518|7590501|7589518[7589518]:7590501[7590501]:984[984]
15	20171539-121094	0	1578	-1	164354at6656|AgamP4_3R|-|33|0.0001988|2|20050446|20171539|20171539[20171539]:20171510[20171510]:30[30]|20050619[20050619]:20050446[20050446]:174[174]
15	8896931-35495	0	1656	-1	164354at6656|AgamP4_3R|-|44|9.707e-08|2|8861437|8896931|8896931[8896931]:8896836[8896836]:96[96]|8861532[8861532]:8861437[8861437]:96[96]
15	10967437+120392	0	1660	1	164354at6656|AgamP4_3R|+|39|3.106e-06|2|10967437|11087828|10967437[10967437]:10967478[10967478]:42[42]|11087685[11087685]:11087828[11087828]:144[144]
15	23741429+14434	0	1698	1	117586at6656|AgamP4_3R|+|37|1.242e-05|2|23741429|23755862|23741429[23741429]:23741482[23741482]:54[54]|23755764[23755773]:23755862[23755862]:99[90]
15	44107424+2383	0	1741	1	137197at6656|AgamP4_3R|+|111|6.577e-28|2|44107424|44109806|44107424[44107424]:44107594[44107594]:171[171]|44109357[44109360]:44109806[44109806]:450[447]
15	2590636+684	0	1754	1	137197at6656|AgamP4_3R|+|158|4.674e-42|2|2590636|2591319|2590636[2590636]:2591028[2591028]:393[393]|2591167[2591167]:2591319[2591319]:153[153]
15	23357534+57058	0	1762	1	164354at6656|AgamP4_3R|+|41|7.765e-07|2|23357534|23414591|23357534[23357534]:23357761[23357761]:228[228]|23414550[23414550]:23414591[23414591]:42[42]
15	9715526-20882	0	1766	-1	151658at6656|AgamP4_3R|-|41|7.765e-07|2|9694645|9715526|9715526[9715526]:9715452[9715452]:75[75]|9694686[9694683]:9694645[9694645]:42[39]
15	9021502-48072	0	1802	-1	164354at6656|AgamP4_3R|-|55|4.74e-11|3|8973431|9021502|9021502[9021502]:9021395[9021395]:108[108]|9004424[9004424]:9004386[9004386]:39[39]|8973514[8973514]:8973431[8973431]:84[84]
15	33871411-1210	0	1821	-1	67491at6656|AgamP4_3R|-|78|5.65e-18|2|33870202|33871411|33871411[33871411]:33871214[33871214]:198[198]|33870390[33870387]:33870202[33870202]:189[186]
15	51862399+60391	0	1881	1	164354at6656|AgamP4_3R|+|40|1.553e-06|2|51862399|51922789|51862399[51862399]:51862509[51862509]:111[111]|51922682[51922682]:51922789[51922789]:108[108]
15	1816254+72020	0	1888	1	156395at6656|AgamP4_3R|+|47|1.213e-08|2|1816254|1888273|1816254[1816254]:1816391[1816391]:138[138]|1888166[1888166]:1888273[1888273]:108[108]
15	15062108+107008	0	1894	1	164354at6656|AgamP4_3R|+|57|1.185e-11|3|15062108|15169115|15062108[15062108]:15062137[15062137]:30[30]|15082685[15082685]:15082831[15082831]:147[147]|15169083[15169083]:15169115[15169115]:33[33]
15	17213600+39417	0	1969	1	156395at6656|AgamP4_3R|+|41|7.765e-07|2|17213600|17253016|17213600[17213600]:17213716[17213716]:117[117]|17252960[17252960]:17253016[17253016]:57[57]
15	19885073-72649	0	2005	-1	67491at6656|AgamP4_3R|-|113|1.644e-28|3|19812425|19885073|19885073[19885073]:19884642[19884642]:432[432]|19884561[19884558]:19884409[19884409]:153[150]|19812535[19812535]:19812425[19812425]:111[111]
15	36265297+507	0	2059	1	67491at6656|AgamP4_3R|+|82|3.531e-19|1|36265297|36265803|36265297[36265297]:36265803[36265803]:507[507]
15	25428660-240	0	2077	-1	131276at6656|AgamP4_3R|-|75|4.52e-17|1|25428421|25428660|25428660[25428660]:25428421[25428421]:240[240]
15	40925991+83967	0	2078	1	164354at6656|AgamP4_3R|+|34|9.939e-05|2|40925991|41009957|40925991[40925991]:40926131[40926131]:141[141]|41009904[41009904]:41009957[41009957]:54[54]
15	753439-1241	0	2080	-1	117586at6656|AgamP4_3R|-|161|5.842e-43|2|752199|753439|753439[753439]:752834[752834]:606[606]|752426[752426]:752199[752199]:228[228]
15	32166370-73659	0	2089	-1	147322at6656|AgamP4_3R|-|42|3.883e-07|2|32092712|32166370|32166370[32166370]:32166101[32166101]:270[270]|32092753[32092744]:32092712[32092712]:42[33]
15	13763685-915	0	2131	-1	147322at6656|AgamP4_3R|-|42|3.883e-07|2|13762771|13763685|13763685[13763685]:13763365[13763365]:321[321]|13762803[13762803]:13762771[13762771]:33[33]
15	27808810+66200	0	2134	1	164354at6656|AgamP4_3R|+|64|9.257e-14|3|27808810|27875009|27808810[27808810]:27808950[27808950]:141[141]|27864367[27864376]:27864417[27864417]:51[42]|27874983[27874983]:27875009[27875009]:27[27]
15	15046271+99764	0	2151	1	109793at6656|AgamP4_3R|+|45|4.853e-08|2|15046271|15146034|15046271[15046271]:15046339[15046339]:69[69]|15145819[15145828]:15146034[15146034]:216[207]
15	28852540+51736	0	2175	1	164354at6656|AgamP4_3R|+|38|6.212e-06|2|28852540|28904275|28852540[28852540]:28852677[28852677]:138[138]|28904225[28904225]:28904275[28904275]:51[51]
15	35284843+20709	0	2191	1	164354at6656|AgamP4_3R|+|34|9.939e-05|2|35284843|35305551|35284843[35284843]:35284992[35284992]:150[150]|35305513[35305513]:35305551[35305551]:39[39]
15	12312308-528	0	2233	-1	67491at6656|AgamP4_3R|-|94|8.621e-23|2|12311781|12312308|12312308[12312308]:12312066[12312066]:243[243]|12312005[12312002]:12311781[12311781]:225[222]
15	42933042+114378	0	2312	1	164354at6656|AgamP4_3R|+|41|7.765e-07|2|42933042|43047419|42933042[42933042]:42933077[42933077]:36[36]|43047273[43047279]:43047419[43047419]:147[141]
15	19272916-69546	0	2329	-1	164354at6656|AgamP4_3R|-|33|0.0001988|2|19203371|19272916|19272916[19272916]:19272704[19272704]:213[213]|19203421[19203421]:19203371[19203371]:51[51]
15	25473522-243161	0	2462	-1	164354at6656|AgamP4_3R|-|74|9.04e-17|4|25230362|25473522|25473522[25473522]:25473469[25473469]:54[54]|25351178[25351178]:25351146[25351146]:33[33]|25281901[25281901]:25281854[25281854]:48[48]|25230412[25230412]:25230362[25230362]:51[51]
15	9658983+27488	0	2462	1	164354at6656|AgamP4_3R|+|48|6.067e-09|2|9658983|9686470|9658983[9658983]:9659093[9659093]:111[111]|9686345[9686357]:9686470[9686470]:126[114]
15	8437435+1583	0	2479	1	164354at6656|AgamP4_3R|+|34|9.939e-05|2|8437435|8439017|8437435[8437435]:8437476[8437476]:42[42]|8438868[8438868]:8439017[8439017]:150[150]
15	13018108-68228	0	2506	-1	164354at6656|AgamP4_3R|-|31|0.0007952|2|12949881|13018108|13018108[13018108]:13017959[13017959]:150[150]|12949955[12949955]:12949881[12949881]:75[75]
15	22931027-31843	0	2523	-1	164354at6656|AgamP4_3R|-|36|2.485e-05|2|22899185|22931027|22931027[22931027]:22930995[22930995]:33[33]|22899352[22899349]:22899185[22899185]:168[165]
15	21797467+438	0	2541	1	117586at6656|AgamP4_3R|+|44|9.707e-08|1|21797467|21797904|21797467[21797467]:21797904[21797904]:438[438]
15	31335982+118927	0	2555	1	164354at6656|AgamP4_3R|+|42|3.883e-07|2|31335982|31454908|31335982[31335982]:31336128[31336128]:147[147]|31454873[31454873]:31454908[31454908]:36[36]
15	17863268-12087	0	2560	-1	164354at6656|AgamP4_3R|-|37|1.242e-05|2|17851182|17863268|17863268[17863268]:17863035[17863035]:234[234]|17851214[17851199]:17851182[17851182]:33[18]
15	12701880-105411	0	2564	-1	164354at6656|AgamP4_3R|-|48|6.067e-09|2|12596470|12701880|12701880[12701880]:12701839[12701839]:42[42]|12596640[12596631]:12596470[12596470]:171[162]
15	33814883+714	0	2600	1	67491at6656|AgamP4_3R|+|104|8.419e-26|1|33814883|33815596|33814883[33814883]:33815596[33815596]:714[714]
15	27714115-813	0	2757	-1	67491at6656|AgamP4_3R|-|79|2.825e-18|1|27713303|27714115|27714115[27714115]:27713303[27713303]:813[813]
15	49087821-81350	0	2789	-1	164354at6656|AgamP4_3R|-|37|1.242e-05|2|49006472|49087821|49087821[49087821]:49087783[49087783]:39[39]|49006657[49006645]:49006472[49006472]:186[174]
15	28116359+546	0	2809	1	130563at6656|AgamP4_3R|+|36|2.485e-05|1|28116359|28116904|28116359[28116359]:28116904[28116904]:546[546]
15	1183136-100947	0	2817	-1	156395at6656|AgamP4_3R|-|32|0.0003976|2|1082190|1183136|1183136[1183136]:1183098[1183098]:39[39]|1082351[1082351]:1082190[1082190]:162[162]
15	4281682+77533	0	2831	1	164354at6656|AgamP4_3R|+|36|2.485e-05|2|4281682|4359214|4281682[4281682]:4281735[4281735]:54[54]|4359029[4359044]:4359214[4359214]:186[171]
15	14562093-533	0	2849	-1	132760at6656|AgamP4_3R|-|187|8.705e-51|2|14561561|14562093|14562093[14562093]:14561776[14561776]:318[318]|14561698[14561698]:14561561[14561561]:138[138]
15	14638723-102031	0	2867	-1	164354at6656|AgamP4_3R|-|45|4.853e-08|2|14536693|14638723|14638723[14638723]:14638607[14638607]:117[117]|14536773[14536773]:14536693[14536693]:81[81]
15	14495231-119154	0	2885	-1	164354at6656|AgamP4_3R|-|38|6.212e-06|2|14376078|14495231|14495231[14495231]:14495052[14495052]:180[180]|14376110[14376107]:14376078[14376078]:33[30]
15	42177992-156586	0	2892	-1	164354at6656|AgamP4_3R|-|54|9.479e-11|3|42021407|42177992|42177992[42177992]:42177933[42177933]:60[60]|42052230[42052230]:42052102[42052102]:129[129]|42021454[42021454]:42021407[42021407]:48[48]
20	42368273-549	0	51	-1	31820at6656|AgamP4_UNKN|-|53|1.896e-10|1|42367725|42368273|42368273[42368273]:42367725[42367725]:549[549]
20	3270862-399	0	296	-1	113300at6656|AgamP4_UNKN|-|31|0.0007952|1|3270464|3270862|3270862[3270862]:3270464[3270464]:399[399]
20	28485999-66486	0	436	-1	119012at6656|AgamP4_UNKN|-|36|2.485e-05|2|28419514|28485999|28485999[28485999]:28485889[28485889]:111[111]|28419555[28419543]:28419514[28419514]:42[30]
20	5473567+675	0	588	1	67491at6656|AgamP4_UNKN|+|45|4.853e-08|1|5473567|5474241|5473567[5473567]:5474241[5474241]:675[675]
20	34648489+894	0	720	1	67491at6656|AgamP4_UNKN|+|442|1.504e-127|4|34648489|34649382|34648489[34648489]:34648575[34648575]:87[87]|34648654[34648654]:34648839[34648839]:186[186]|34648907[34648910]:34649065[34649065]:159[156]|34649140[34649146]:34649382[34649382]:243[237]
20	34990827-111211	0	730	-1	117586at6656|AgamP4_UNKN|-|32|0.0003976|2|34879617|34990827|34990827[34990827]:34990747[34990747]:81[81]|34879676[34879676]:34879617[34879617]:60[60]
20	42168662+96501	0	738	1	156395at6656|AgamP4_UNKN|+|37|1.242e-05|2|42168662|42265162|42168662[42168662]:42168931[42168931]:270[270]|42265118[42265118]:42265162[42265162]:45[45]
20	10791165+96933	0	914	1	164354at6656|AgamP4_UNKN|+|36|2.485e-05|2|10791165|10888097|10791165[10791165]:10791224[10791224]:60[60]|10887969[10887969]:10888097[10888097]:129[129]
20	18262414-177	0	968	-1	164354at6656|AgamP4_UNKN|-|34|9.939e-05|1|18262238|18262414|18262414[18262414]:18262238[18262238]:177[177]
20	9347045-76388	0	1084	-1	119012at6656|AgamP4_UNKN|-|32|0.0003976|2|9270658|9347045|9347045[9347045]:9346860[9346860]:186[186]|9270744[9270744]:9270658[9270658]:87[87]
20	34970762+62488	0	1188	1	119012at6656|AgamP4_UNKN|+|41|7.765e-07|2|34970762|35033249|34970762[34970762]:34970803[34970803]:42[42]|35033196[35033196]:35033249[35033249]:54[54]
20	22714107-25025	0	1243	-1	156395at6656|AgamP4_UNKN|-|37|1.242e-05|2|22689083|22714107|22714107[22714107]:22713970[22713970]:138[138]|22689118[22689118]:22689083[22689083]:36[36]
20	40983337+128128	0	1245	1	151658at6656|AgamP4_UNKN|+|46|2.427e-08|2|40983337|41111464|40983337[40983337]:40983615[40983615]:279[279]|41111426[41111432]:41111464[41111464]:39[33]
20	31346796+360	0	1253	1	132760at6656|AgamP4_UNKN|+|259|1.843e-72|1|31346796|31347155|31346796[31346796]:31347155[31347155]:360[360]
20	40549464+162	0	1314	1	119012at6656|AgamP4_UNKN|+|33|0.0001988|1|40549464|40549625|40549464[40549464]:40549625[40549625]:162[162]
20	17747721+110152	0	1319	1	163896at6656|AgamP4_UNKN|+|41|7.765e-07|2|17747721|17857872|17747721[17747721]:17747855[17747855]:135[135]|17857804[17857804]:17857872[17857872]:69[69]
20	21966337+1227	0	1344	1	164354at6656|AgamP4_UNKN|+|159|2.337e-42|1|21966337|21967563|21966337[21966337]:21967563[21967563]:1227[1227]
20	22653662+29936	0	1459	1	117586at6656|AgamP4_UNKN|+|37|1.242e-05|3|22653662|22683597|22653662[22653662]:22653739[22653739]:78[78]|22664378[22664378]:22664446[22664446]:69[69]|22683508[22683508]:22683597[22683597]:90[90]
20	7811328+546	0	1504	1	130563at6656|AgamP4_UNKN|+|31|0.0007952|1|7811328|7811873|7811328[7811328]:7811873[7811873]:546[546]
20	24233066+121779	0	1517	1	164354at6656|AgamP4_UNKN|+|41|7.765e-07|2|24233066|24354844|24233066[24233066]:24233125[24233125]:60[60]|24354752[24354752]:24354844[24354844]:93[93]
20	41052706+438	0	1617	1	137197at6656|AgamP4_UNKN|+|31|0.0007952|1|41052706|41053143|41052706[41052706]:41053143[41053143]:438[438]
20	33241862-94331	0	1894	-1	164354at6656|AgamP4_UNKN|-|37|1.242e-05|2|33147532|33241862|33241862[33241862]:33241743[33241743]:120[120]|33147588[33147588]:33147532[33147532]:57[57]
20	3263555+21716	0	1970	1	156395at6656|AgamP4_UNKN|+|43|1.941e-07|2|3263555|3285270|3263555[3263555]:3263650[3263650]:96[96]|3285163[3285163]:3285270[3285270]:108[108]
20	10720263-609	0	2024	-1	67491at6656|AgamP4_UNKN|-|115|4.111e-29|1|10719655|10720263|10720263[10720263]:10719655[10719655]:609[609]
20	8388232-151207	0	2317	-1	67491at6656|AgamP4_UNKN|-|139|2.45e-36|3|8237026|8388232|8388232[8388232]:8387615[8387615]:618[618]|8319053[8319053]:8319027[8319027]:27[27]|8237061[8237055]:8237026[8237026]:36[30]
20	1137183+25885	0	2471	1	151658at6656|AgamP4_UNKN|+|37|1.242e-05|2|1137183|1163067|1137183[1137183]:1137218[1137218]:36[36]|1162828[1162828]:1163067[1163067]:240[240]
20	26315230+72531	0	2486	1	156395at6656|AgamP4_UNKN|+|34|9.939e-05|2|26315230|26387760|26315230[26315230]:26315448[26315448]:219[219]|26387704[26387704]:26387760[26387760]:57[57]
20	11141636+90902	0	2554	1	164354at6656|AgamP4_UNKN|+|31|0.0007952|2|11141636|11232537|11141636[11141636]:11141671[11141671]:36[36]|11232442[11232442]:11232537[11232537]:96[96]
20	38253029-47804	0	2755	-1	130563at6656|AgamP4_UNKN|-|37|1.242e-05|2|38205226|38253029|38253029[38253029]:38253000[38253000]:30[30]|38205288[38205273]:38205226[38205226]:63[48]
20	34302108+25552	0	2891	1	156395at6656|AgamP4_UNKN|+|41|7.765e-07|2|34302108|34327659|34302108[34302108]:34302215[34302215]:108[108]|34327615[34327615]:34327659[34327659]:45[45]
25	7697811-2536	0	84	-1	137197at6656|AgamP4_X|-|129|2.509e-33|2|7695276|7697811|7697811[7697811]:7697719[7697719]:93[93]|7695812[7695812]:7695276[7695276]:537[537]
25	2452443+83150	0	175	1	132760at6656|AgamP4_X|+|41|7.765e-07|2|2452443|2535592|2452443[2452443]:2452601[2452601]:159[159]|2535461[2535461]:2535592[2535592]:132[132]
25	517476-4803	0	179	-1	117586at6656|AgamP4_X|-|115|4.111e-29|2|512674|517476|517476[517476]:516691[516691]:786[786]|512829[512829]:512674[512674]:156[156]
25	4172629-2641	0	181	-1	132760at6656|AgamP4_X|-|221|5.067e-61|3|4169989|4172629|4172629[4172629]:4172027[4172027]:603[603]|4171825[4171825]:4171604[4171604]:222[222]|4170159[4170159]:4169989[4169989]:171[171]
25	2366789+58376	0	248	1	164354at6656|AgamP4_X|+|42|3.883e-07|2|2366789|2425164|2366789[2366789]:2366905[2366905]:117[117]|2425081[2425084]:2425164[2425164]:84[81]
25	13037859+31509	0	319	1	156395at6656|AgamP4_X|+|33|0.0001988|2|13037859|13069367|13037859[13037859]:13037924[13037924]:66[66]|13069299[13069299]:13069367[13069367]:69[69]
25	8054231-69708	0	555	-1	130563at6656|AgamP4_X|-|43|1.941e-07|2|7984524|8054231|8054231[8054231]:8054181[8054181]:51[51]|7984958[7984958]:7984524[7984524]:435[435]
25	14813130-85764	0	559	-1	164354at6656|AgamP4_X|-|48|6.067e-09|3|14727367|14813130|14813130[14813130]:14813020[14813020]:111[111]|14745406[14745394]:14745356[14745356]:51[39]|14727441[14727441]:14727367[14727367]:75[75]
25	6910244+67171	0	623	1	127602at6656|AgamP4_X|+|43|1.941e-07|2|6910244|6977414|6910244[6910244]:6910615[6910615]:372[372]|6977367[6977367]:6977414[6977414]:48[48]
25	5756556-3680	0	633	-1	151658at6656|AgamP4_X|-|49|3.033e-09|3|5752877|5756556|5756556[5756556]:5756476[5756476]:81[81]|5754327[5754327]:5754283[5754283]:45[45]|5753038[5753038]:5752877[5752877]:162[162]
25	15602907-59451	0	745	-1	137197at6656|AgamP4_X|-|90|1.379e-21|2|15543457|15602907|15602907[15602907]:15602866[15602866]:42[42]|15543855[15543846]:15543457[15543457]:399[390]
25	17444358-39148	0	801	-1	151658at6656|AgamP4_X|-|41|7.765e-07|2|17405211|17444358|17444358[17444358]:17444299[17444299]:60[60]|17405561[17405561]:17405211[17405211]:351[351]
25	1579006+41711	0	842	1	67491at6656|AgamP4_X|+|131|6.273e-34|2|1579006|1620716|1579006[1579006]:1579692[1579692]:687[687]|1620585[1620588]:1620716[1620716]:132[129]
25	7642680+59195	0	989	1	113300at6656|AgamP4_X|+|45|4.853e-08|2|7642680|7701874|7642680[7642680]:7643123[7643123]:444[444]|7701839[7701839]:7701874[7701874]:36[36]
25	21817274+103111	0	1034	1	163896at6656|AgamP4_X|+|38|6.212e-06|2|21817274|21920384|21817274[21817274]:21817324[21817324]:51[51]|21920226[21920235]:21920384[21920384]:159[150]
25	362522+123312	0	1142	1	67491at6656|AgamP4_X|+|138|4.901e-36|2|362522|485833|362522[362522]:363322[363322]:801[801]|485807[485816]:485833[485833]:27[18]
25	7113128+125875	0	1222	1	132760at6656|AgamP4_X|+|51|7.583e-10|3|7113128|7239002|7113128[7113128]:7113154[7113154]:27[27]|7160041[7160053]:7160085[7160085]:45[33]|7238769[7238769]:7239002[7239002]:234[234]
25	21908114+37188	0	1254	1	134708at6656|AgamP4_X|+|39|3.106e-06|2|21908114|21945301|21908114[21908114]:21908449[21908449]:336[336]|21945248[21945260]:21945301[21945301]:54[42]
25	3612313+20892	0	1344	1	164354at6656|AgamP4_X|+|121|6.423e-31|2|3612313|3633204|3612313[3612313]:3613566[3613566]:1254[1254]|3633178[3633178]:3633204[3633204]:27[27]
25	7311430+846	0	1352	1	67491at6656|AgamP4_X|+|93|1.724e-22|1|7311430|7312275|7311430[7311430]:7312275[7312275]:846[846]
25	10030505+480	0	1384	1	113300at6656|AgamP4_X|+|32|0.0003976|1|10030505|10030984|10030505[10030505]:10030984[10030984]:480[480]
25	9111853-29209	0	1409	-1	151658at6656|AgamP4_X|-|47|1.213e-08|2|9082645|9111853|9111853[9111853]:9111743[9111743]:111[111]|9082869[9082869]:9082645[9082645]:225[225]
25	7388891+107529	0	1517	1	164354at6656|AgamP4_X|+|42|3.883e-07|2|7388891|7496419|7388891[7388891]:7388941[7388941]:51[51]|7496288[7496291]:7496419[7496419]:132[129]
25	13731131-402	0	1552	-1	147322at6656|AgamP4_X|-|31|0.0007952|1|13730730|13731131|13731131[13731131]:13730730[13730730]:402[402]
25	11853412-5417	0	1713	-1	137197at6656|AgamP4_X|-|107|1.052e-26|3|11847996|11853412|11853412[11853412]:11853305[11853305]:108[108]|11848632[11848632]:11848447[11848447]:186[186]|11848139[11848139]:11847996[11847996]:144[144]
25	4180449+181039	0	1764	1	164354at6656|AgamP4_X|+|35|4.97e-05|3|4180449|4361487|4180449[4180449]:4180484[4180484]:36[36]|4240727[4240742]:4240870[4240870]:144[129]|4361440[4361440]:4361487[4361487]:48[48]
25	17147095-31258	0	1803	-1	156395at6656|AgamP4_X|-|35|4.97e-05|2|17115838|17147095|17147095[17147095]:17146991[17146991]:105[105]|17115918[17115918]:17115838[17115838]:81[81]
25	10714221-699	0	1866	-1	67491at6656|AgamP4_X|-|39|3.106e-06|1|10713523|10714221|10714221[10714221]:10713523[10713523]:699[699]
25	11706627+516	0	1871	1	113300at6656|AgamP4_X|+|38|6.212e-06|1|11706627|11707142|11706627[11706627]:11707142[11707142]:516[516]
25	14075145+211586	0	1876	1	113300at6656|AgamP4_X|+|36|2.485e-05|3|14075145|14286730|14075145[14075145]:14075195[14075195]:51[51]|14181496[14181496]:14181525[14181525]:30[30]|14286671[14286671]:14286730[14286730]:60[60]
25	16177514+447	0	1897	1	132760at6656|AgamP4_X|+|41|7.765e-07|1|16177514|16177960|16177514[16177514]:16177960[16177960]:447[447]
25	18671223-183	0	2012	-1	164354at6656|AgamP4_X|-|33|0.0001988|1|18671041|18671223|18671223[18671223]:18671041[18671041]:183[183]
25	10519457-54643	0	2022	-1	156395at6656|AgamP4_X|-|39|3.106e-06|2|10464815|10519457|10519457[10519457]:10519326[10519326]:132[132]|10464883[10464883]:10464815[10464815]:69[69]
25	1945239-833	0	2076	-1	132760at6656|AgamP4_X|-|388|2.709e-111|2|1944407|1945239|1945239[1945239]:1945141[1945141]:99[99]|1945012[1945006]:1944407[1944407]:606[600]
25	14337356+106207	0	2077	1	131276at6656|AgamP4_X|+|58|5.924e-12|2|14337356|14443562|14337356[14337356]:14337607[14337607]:252[252]|14443476[14443476]:14443562[14443562]:87[87]
25	19716492-909	0	2080	-1	117586at6656|AgamP4_X|-|143|1.531e-37|1|19715584|19716492|19716492[19716492]:19715584[19715584]:909[909]
25	16475274-3131	0	2096	-1	147322at6656|AgamP4_X|-|40|1.553e-06|2|16472144|16475274|16475274[16475274]:16474906[16474906]:369[369]|16472191[16472182]:16472144[16472144]:48[39]
25	3789372-55381	0	2479	-1	164354at6656|AgamP4_X|-|36|2.485e-05|2|3733992|3789372|3789372[3789372]:3789307[3789307]:66[66]|3734105[3734105]:3733992[3733992]:114[114]
25	13692871+43970	0	2680	1	67491at6656|AgamP4_X|+|117|1.028e-29|2|13692871|13736840|13692871[13692871]:13693461[13693461]:591[591]|13736718[13736733]:13736840[13736840]:123[108]
25	16199942+156396	0	2715	1	117586at6656|AgamP4_X|+|58|5.924e-12|4|16199942|16356337|16199942[16199942]:16200025[16200025]:84[84]|16216254[16216254]:16216484[16216484]:231[231]|16274929[16274929]:16275012[16275012]:84[84]|16356293[16356293]:16356337[16356337]:45[45]
25	8018407-366	0	2849	-1	132760at6656|AgamP4_X|-|115|4.111e-29|1|8018042|8018407|8018407[8018407]:8018042[8018042]:366[366]
42	9060+711	0	2569	1	137197at6656|AAAB01007859|+|136|1.96e-35|3|9060|9770|9060[9060]:9218[9218]:159[159]|9274[9286]:9510[9510]:237[225]|9570[9582]:9770[9770]:201[189]
57	17993+11005	0	2391	1	156395at6656|AAAB01007904|+|41|7.765e-07|2|17993|28997|17993[17993]:18130[18130]:138[138]|28926[28926]:28997[28997]:72[72]
60	81454+66312	0	2056	1	109793at6656|AAAB01000889|+|40|1.553e-06|2|81454|147765|81454[81454]:81507[81507]:54[54]|147721[147727]:147765[147765]:45[39]
84	19957+532	0	517	1	132760at6656|AAAB01008929|+|192|2.72e-52|2|19957|20488|19957[19957]:20253[20253]:297[297]|20321[20321]:20488[20488]:168[168]
103	20852-174	0	406	-1	156395at6656|AAAB01008559|-|36|2.485e-05|1|20679|20852|20852[20852]:20679[20679]:174[174]
