64	276+537	0	1128	1	137197at6656|TCONS_00011477|+|97|1.37e-23|1|276|812|276[276]:812[812]:537[537]
159	132+450	0	1084	1	137197at6656|TCONS_00013545|+|36|3.159e-05|1|132|581|132[132]:581[581]:450[450]
185	1032+468	0	845	1	137197at6656|TCONS_00012769|+|59|3.766e-12|1|1032|1499|1032[1032]:1499[1499]:468[468]
233	754+1467	0	1302	1	37387at6656|TCONS_00007793|+|32|0.0005055|1|754|2220|754[754]:2220[2220]:1467[1467]
242	380+1179	0	552	1	76812at6656|TCONS_00002867|+|80|1.796e-18|1|380|1558|380[380]:1558[1558]:1179[1179]
265	613+594	0	2	1	93152at6656|TCONS_00023970|+|94|1.096e-22|1|613|1206|613[613]:1206[1206]:594[594]
303	5757+417	0	970	1	79993at6656|TCONS_00029349|+|49|3.857e-09|1|5757|6173|5757[5757]:6173[6173]:417[417]
639	12001+4503	0	1145	1	37387at6656|TCONS_00038946|+|87|1.403e-20|1|12001|16503|12001[12001]:16503[16503]:4503[4503]
737	363+555	0	750	1	137197at6656|TCONS_00048625|+|174|9.067e-47|1|363|917|363[363]:917[917]:555[555]
837	3703+516	0	2	1	93152at6656|TCONS_00048706|+|94|1.096e-22|1|3703|4218|3703[3703]:4218[4218]:516[516]
996	3226+507	0	1168	1	93152at6656|TCONS_00058388|+|34|0.0001264|1|3226|3732|3226[3226]:3732[3732]:507[507]
996	2062+894	0	1381	1	93152at6656|TCONS_00058388|+|41|9.873e-07|1|2062|2955|2062[2062]:2955[2955]:894[894]
1059	1011+597	0	911	1	137197at6656|TCONS_00059359|+|98|6.851e-24|1|1011|1607|1011[1011]:1607[1607]:597[597]
1124	1908+516	0	678	1	137197at6656|TCONS_00001630|+|104|1.07e-25|1|1908|2423|1908[1908]:2423[2423]:516[516]
1132	124+978	0	2	1	93152at6656|TCONS_00003050|+|237|9.831e-66|1|124|1101|124[124]:1101[1101]:978[978]
1156	2403+537	0	1128	1	137197at6656|TCONS_00012406|+|97|1.37e-23|1|2403|2939|2403[2403]:2939[2939]:537[537]
1251	195+396	0	1084	1	137197at6656|TCONS_00013157|+|36|3.159e-05|1|195|590|195[195]:590[590]:396[396]
1325	754+1467	0	1302	1	37387at6656|TCONS_00009788|+|32|0.0005055|1|754|2220|754[754]:2220[2220]:1467[1467]
1334	5846+1179	0	552	1	76812at6656|TCONS_00011400|+|80|1.796e-18|1|5846|7024|5846[5846]:7024[7024]:1179[1179]
1395	5104+417	0	970	1	79993at6656|TCONS_00024521|+|49|3.857e-09|1|5104|5520|5104[5104]:5520[5520]:417[417]
1731	3678+429	0	85	1	37387at6656|TCONS_00038947|+|34|0.0001264|1|3678|4106|3678[3678]:4106[4106]:429[429]
1731	15089+4503	0	1145	1	37387at6656|TCONS_00038947|+|87|1.403e-20|1|15089|19591|15089[15089]:19591[19591]:4503[4503]
1746	1537+528	0	655	1	137197at6656|TCONS_00032094|+|124|1.021e-31|1|1537|2064|1537[1537]:2064[2064]:528[528]
1829	363+555	0	750	1	137197at6656|TCONS_00048624|+|174|9.067e-47|1|363|917|363[363]:917[917]:555[555]
1950	14+5808	0	72	1	37387at6656|TCONS_00044000|+|83|2.245e-19|1|14|5821|14[14]:5821[5821]:5808[5808]
1950	10895+4986	0	1764	1	37387at6656|TCONS_00044000|+|54|1.205e-10|1|10895|15880|10895[10895]:15880[15880]:4986[4986]
1961	1280+465	0	134	1	93152at6656|TCONS_00041473|+|42|4.937e-07|1|1280|1744|1280[1280]:1744[1744]:465[465]
1989	17138+693	0	596	1	40319at6656|TCONS_00048787|+|125|5.104e-32|1|17138|17830|17138[17138]:17830[17830]:693[693]
2071	1593+258	0	110	1	131276at6656|TCONS_00058967|+|64|1.177e-13|1|1593|1850|1593[1593]:1850[1850]:258[258]
2216	2307+516	0	678	1	137197at6656|TCONS_00001631|+|104|1.07e-25|1|2307|2822|2307[2307]:2822[2822]:516[516]
2248	251+537	0	1128	1	137197at6656|TCONS_00012866|+|97|1.37e-23|1|251|787|251[251]:787[787]:537[537]
2343	141+396	0	1084	1	137197at6656|TCONS_00007588|+|36|3.159e-05|1|141|536|141[141]:536[536]:396[396]
2487	6439+417	0	970	1	79993at6656|TCONS_00024522|+|49|3.857e-09|1|6439|6855|6439[6439]:6855[6855]:417[417]
2547	324+555	0	1636	1	137197at6656|TCONS_00016267|+|81|8.98e-19|1|324|878|324[324]:878[878]:555[555]
2776	1364+609	0	2	1	93152at6656|TCONS_00034593|+|105|5.352e-26|1|1364|1972|1364[1364]:1972[1972]:609[609]
2785	1250+2673	0	948	1	37387at6656|TCONS_00031774|+|39|3.949e-06|1|1250|3922|1250[1250]:3922[3922]:2673[2673]
2823	3289+753	0	76	1	37387at6656|TCONS_00038308|+|36|3.159e-05|1|3289|4041|3289[3289]:4041[4041]:753[753]
2823	15208+4503	0	1145	1	37387at6656|TCONS_00038308|+|87|1.403e-20|1|15208|19710|15208[15208]:19710[19710]:4503[4503]
2838	1053+528	0	655	1	137197at6656|TCONS_00037976|+|124|1.021e-31|1|1053|1580|1053[1053]:1580[1580]:528[528]
2921	363+555	0	750	1	137197at6656|TCONS_00039484|+|174|9.067e-47|1|363|917|363[363]:917[917]:555[555]
3021	3860+516	0	2	1	93152at6656|TCONS_00042975|+|94|1.096e-22|1|3860|4375|3860[3860]:4375[4375]:516[516]
3042	12437+5313	0	72	1	37387at6656|TCONS_00048512|+|72|4.598e-16|1|12437|17749|12437[12437]:17749[17749]:5313[5313]
3053	1494+465	0	134	1	93152at6656|TCONS_00050335|+|42|4.937e-07|1|1494|1958|1494[1494]:1958[1958]:465[465]
3081	20022+693	0	596	1	40319at6656|TCONS_00049188|+|125|5.104e-32|1|20022|20714|20022[20022]:20714[20714]:693[693]
3163	1614+258	0	110	1	131276at6656|TCONS_00062940|+|64|1.177e-13|1|1614|1871|1614[1614]:1871[1871]:258[258]
3308	792+516	0	678	1	137197at6656|TCONS_00007260|+|104|1.07e-25|1|792|1307|792[792]:1307[1307]:516[516]
3340	627+537	0	1128	1	137197at6656|TCONS_00011484|+|97|1.37e-23|1|627|1163|627[627]:1163[1163]:537[537]
3473	712+984	0	267	1	40319at6656|TCONS_00006784|+|99|3.425e-24|1|712|1695|712[712]:1695[1695]:984[984]
3509	739+1467	0	1302	1	37387at6656|TCONS_00010618|+|32|0.0005055|1|739|2205|739[739]:2205[2205]:1467[1467]
3579	5581+417	0	970	1	79993at6656|TCONS_00025665|+|49|3.857e-09|1|5581|5997|5581[5581]:5997[5997]:417[417]
3639	423+555	0	1636	1	137197at6656|TCONS_00016268|+|81|8.98e-19|1|423|977|423[423]:977[977]:555[555]
3666	171+414	0	1095	1	137197at6656|TCONS_00023465|+|85|5.612e-20|1|171|584|171[171]:584[584]:414[414]
3868	1154+609	0	2	1	93152at6656|TCONS_00036857|+|105|5.352e-26|1|1154|1762|1154[1154]:1762[1762]:609[609]
3877	3816+2673	0	948	1	37387at6656|TCONS_00034120|+|39|3.949e-06|1|3816|6488|3816[3816]:6488[6488]:2673[2673]
3915	3723+753	0	76	1	37387at6656|TCONS_00038309|+|36|3.159e-05|1|3723|4475|3723[3723]:4475[4475]:753[753]
3915	15642+4503	0	1145	1	37387at6656|TCONS_00038309|+|87|1.403e-20|1|15642|20144|15642[15642]:20144[20144]:4503[4503]
4013	660+555	0	750	1	137197at6656|TCONS_00039485|+|174|9.067e-47|1|660|1214|660[660]:1214[1214]:555[555]
4080	2653+315	0	148	1	148713at6656|TCONS_00042855|+|34|0.0001264|1|2653|2967|2653[2653]:2967[2967]:315[315]
4113	3845+516	0	2	1	93152at6656|TCONS_00042976|+|94|1.096e-22|1|3845|4360|3845[3845]:4360[4360]:516[516]
4134	11033+5313	0	72	1	37387at6656|TCONS_00045463|+|72|4.598e-16|1|11033|16345|11033[11033]:16345[16345]:5313[5313]
4255	1258+258	0	110	1	131276at6656|TCONS_00062941|+|64|1.177e-13|1|1258|1515|1258[1258]:1515[1515]:258[258]
4260	888+3999	0	1523	1	37387at6656|TCONS_00063607|+|47|1.543e-08|1|888|4886|888[888]:4886[4886]:3999[3999]
4290	2055+2022	0	240	1	37387at6656|TCONS_00059803|+|54|1.205e-10|1|2055|4076|2055[2055]:4076[4076]:2022[2022]
4432	538+537	0	1128	1	137197at6656|TCONS_00012867|+|96|2.74e-23|1|538|1074|538[538]:1074[1074]:537[537]
4601	739+1467	0	1302	1	37387at6656|TCONS_00010619|+|32|0.0005055|1|739|2205|739[739]:2205[2205]:1467[1467]
4671	4693+417	0	970	1	79993at6656|TCONS_00025666|+|49|3.857e-09|1|4693|5109|4693[4693]:5109[5109]:417[417]
4731	921+555	0	1636	1	137197at6656|TCONS_00016266|+|81|8.98e-19|1|921|1475|921[921]:1475[1475]:555[555]
4758	295+549	0	217	1	137197at6656|TCONS_00020199|+|108|6.69e-27|1|295|843|295[295]:843[843]:549[549]
4782	866+540	0	911	1	137197at6656|TCONS_00026493|+|85|5.612e-20|1|866|1405|866[866]:1405[1405]:540[540]
4850	3220+498	0	217	1	137197at6656|TCONS_00019348|+|107|1.338e-26|1|3220|3717|3220[3220]:3717[3717]:498[498]
4969	3815+2673	0	948	1	37387at6656|TCONS_00038449|+|39|3.949e-06|1|3815|6487|3815[3815]:6487[6487]:2673[2673]
5007	11361+4503	0	1145	1	37387at6656|TCONS_00038312|+|87|1.403e-20|1|11361|15863|11361[11361]:15863[15863]:4503[4503]
5105	332+555	0	750	1	137197at6656|TCONS_00044471|+|174|9.067e-47|1|332|886|332[332]:886[886]:555[555]
5172	2669+315	0	148	1	148713at6656|TCONS_00039931|+|34|0.0001264|1|2669|2983|2669[2669]:2983[2983]:315[315]
5265	20990+693	0	596	1	40319at6656|TCONS_00048788|+|125|5.104e-32|1|20990|21682|20990[20990]:21682[21682]:693[693]
5273	2850+2805	0	834	1	37387at6656|TCONS_00043354|+|67|1.471e-14|1|2850|5654|2850[2850]:5654[5654]:2805[2805]
5283	1271+546	0	1168	1	93152at6656|TCONS_00040640|+|37|1.58e-05|1|1271|1816|1271[1271]:1816[1816]:546[546]
5347	1249+258	0	110	1	131276at6656|TCONS_00061429|+|64|1.177e-13|1|1249|1506|1249[1249]:1506[1506]:258[258]
5352	873+3999	0	1523	1	37387at6656|TCONS_00058986|+|47|1.543e-08|1|873|4871|873[873]:4871[4871]:3999[3999]
5524	218+537	0	1128	1	137197at6656|TCONS_00011478|+|97|1.37e-23|1|218|754|218[218]:754[754]:537[537]
5704	292+546	0	997	1	137197at6656|TCONS_00005954|+|108|6.69e-27|1|292|837|292[292]:837[837]:546[546]
5763	4733+417	0	970	1	79993at6656|TCONS_00023826|+|49|3.857e-09|1|4733|5149|4733[4733]:5149[5149]:417[417]
5823	307+555	0	1636	1	137197at6656|TCONS_00020095|+|81|8.98e-19|1|307|861|307[307]:861[861]:555[555]
5874	795+540	0	911	1	137197at6656|TCONS_00029214|+|85|5.612e-20|1|795|1334|795[795]:1334[1334]:540[540]
6061	3044+2673	0	948	1	37387at6656|TCONS_00037360|+|39|3.949e-06|1|3044|5716|3044[3044]:5716[5716]:2673[2673]
6099	6702+2412	0	33	1	37387at6656|TCONS_00031072|+|57|1.507e-11|1|6702|9113|6702[6702]:9113[9113]:2412[2412]
6099	3654+5541	0	1145	1	37387at6656|TCONS_00031072|+|91|8.769e-22|1|3654|9194|3654[3654]:9194[9194]:5541[5541]
6197	406+555	0	750	1	137197at6656|TCONS_00039486|+|174|9.067e-47|1|406|960|406[406]:960[960]:555[555]
6264	2648+315	0	148	1	148713at6656|TCONS_00045873|+|34|0.0001264|1|2648|2962|2648[2648]:2962[2962]:315[315]
6347	817+807	0	1433	1	76812at6656|TCONS_00044106|+|58|7.533e-12|1|817|1623|817[817]:1623[1623]:807[807]
6365	2837+2805	0	834	1	37387at6656|TCONS_00042142|+|67|1.471e-14|1|2837|5641|2837[2837]:5641[5641]:2805[2805]
6375	1141+546	0	1168	1	93152at6656|TCONS_00045074|+|37|1.58e-05|1|1141|1686|1141[1141]:1686[1686]:546[546]
6439	2117+258	0	110	1	131276at6656|TCONS_00060463|+|64|1.177e-13|1|2117|2374|2117[2117]:2374[2374]:258[258]
6616	488+537	0	1128	1	137197at6656|TCONS_00006210|+|96|2.74e-23|1|488|1024|488[488]:1024[1024]:537[537]
6635	555+558	0	612	1	137197at6656|TCONS_00005296|+|136|2.492e-35|1|555|1112|555[555]:1112[1112]:558[558]
6796	490+546	0	997	1	137197at6656|TCONS_00002878|+|108|6.69e-27|1|490|1035|490[490]:1035[1035]:546[546]
6855	5925+417	0	970	1	79993at6656|TCONS_00027285|+|49|3.857e-09|1|5925|6341|5925[5925]:6341[6341]:417[417]
6915	421+555	0	1636	1	137197at6656|TCONS_00022260|+|81|8.98e-19|1|421|975|421[421]:975[975]:555[555]
7153	1247+2673	0	948	1	37387at6656|TCONS_00029849|+|39|3.949e-06|1|1247|3919|1247[1247]:3919[3919]:2673[2673]
7191	7305+2412	0	33	1	37387at6656|TCONS_00031073|+|57|1.507e-11|1|7305|9716|7305[7305]:9716[9716]:2412[2412]
7191	5295+4503	0	1145	1	37387at6656|TCONS_00031073|+|87|1.403e-20|1|5295|9797|5295[5295]:9797[9797]:4503[4503]
7289	415+555	0	750	1	137197at6656|TCONS_00042502|+|174|9.067e-47|1|415|969|415[415]:969[969]:555[555]
7421	1280+465	0	134	1	93152at6656|TCONS_00044034|+|42|4.937e-07|1|1280|1744|1280[1280]:1744[1744]:465[465]
7439	762+807	0	1433	1	76812at6656|TCONS_00044107|+|58|7.533e-12|1|762|1568|762[762]:1568[1568]:807[807]
7457	2832+2805	0	834	1	37387at6656|TCONS_00043357|+|70|1.839e-15|1|2832|5636|2832[2832]:5636[5636]:2805[2805]
7467	888+546	0	1168	1	93152at6656|TCONS_00049206|+|37|1.58e-05|1|888|1433|888[888]:1433[1433]:546[546]
7566	2055+2022	0	240	1	37387at6656|TCONS_00059120|+|54|1.205e-10|1|2055|4076|2055[2055]:4076[4076]:2022[2022]
7708	567+537	0	1128	1	137197at6656|TCONS_00010721|+|97|1.37e-23|1|567|1103|567[567]:1103[1103]:537[537]
7727	588+558	0	612	1	137197at6656|TCONS_00001920|+|136|2.492e-35|1|588|1145|588[588]:1145[1145]:558[558]
7888	428+546	0	997	1	137197at6656|TCONS_00002879|+|108|6.69e-27|1|428|973|428[428]:973[973]:546[546]
7947	6122+417	0	970	1	79993at6656|TCONS_00028869|+|49|3.857e-09|1|6122|6538|6122[6122]:6538[6538]:417[417]
7961	675+540	0	750	1	137197at6656|TCONS_00026721|+|110|1.673e-27|1|675|1214|675[675]:1214[1214]:540[540]
8007	921+555	0	1636	1	137197at6656|TCONS_00016265|+|81|8.98e-19|1|921|1475|921[921]:1475[1475]:555[555]
8058	1074+540	0	911	1	137197at6656|TCONS_00019077|+|85|5.612e-20|1|1074|1613|1074[1074]:1613[1613]:540[540]
8245	1235+2673	0	948	1	37387at6656|TCONS_00034119|+|39|3.949e-06|1|1235|3907|1235[1235]:3907[3907]:2673[2673]
8283	1688+4503	0	1145	1	37387at6656|TCONS_00036934|+|87|1.403e-20|1|1688|6190|1688[1688]:6190[6190]:4503[4503]
8326	346+639	0	1231	1	93152at6656|TCONS_00031359|+|32|0.0005055|1|346|984|346[346]:984[984]:639[639]
8381	2823+555	0	750	1	137197at6656|TCONS_00045807|+|174|9.067e-47|1|2823|3377|2823[2823]:3377[3377]:555[555]
8513	1280+465	0	134	1	93152at6656|TCONS_00046454|+|42|4.937e-07|1|1280|1744|1280[1280]:1744[1744]:465[465]
8531	339+972	0	192	1	76812at6656|TCONS_00048540|+|44|1.234e-07|1|339|1310|339[339]:1310[1310]:972[972]
8549	2832+2805	0	834	1	37387at6656|TCONS_00043362|+|70|1.839e-15|1|2832|5636|2832[2832]:5636[5636]:2805[2805]
8559	990+546	0	1168	1	93152at6656|TCONS_00048811|+|37|1.58e-05|1|990|1535|990[990]:1535[1535]:546[546]
8658	2136+2178	0	240	1	37387at6656|TCONS_00063871|+|54|1.205e-10|1|2136|4313|2136[2136]:4313[4313]:2178[2178]
8800	245+537	0	1128	1	137197at6656|TCONS_00013269|+|96|2.74e-23|1|245|781|245[245]:781[781]:537[537]
8819	496+558	0	612	1	137197at6656|TCONS_00007369|+|136|2.492e-35|1|496|1053|496[496]:1053[1053]:558[558]
8936	204+558	0	750	1	137197at6656|TCONS_00004023|+|144|9.736e-38|1|204|761|204[204]:761[761]:558[558]
8980	3536+546	0	997	1	137197at6656|TCONS_00009303|+|108|6.69e-27|1|3536|4081|3536[3536]:4081[4081]:546[546]
9039	5532+417	0	970	1	79993at6656|TCONS_00027286|+|49|3.857e-09|1|5532|5948|5532[5532]:5948[5948]:417[417]
9053	676+540	0	750	1	137197at6656|TCONS_00022125|+|110|1.673e-27|1|676|1215|676[676]:1215[1215]:540[540]
9099	663+555	0	1636	1	137197at6656|TCONS_00018114|+|81|8.98e-19|1|663|1217|663[663]:1217[1217]:555[555]
9150	817+540	0	911	1	137197at6656|TCONS_00019078|+|85|5.612e-20|1|817|1356|817[817]:1356[1356]:540[540]
9337	1152+2673	0	948	1	37387at6656|TCONS_00037761|+|39|3.949e-06|1|1152|3824|1152[1152]:3824[3824]:2673[2673]
9375	6710+2412	0	33	1	37387at6656|TCONS_00033335|+|57|1.507e-11|1|6710|9121|6710[6710]:9121[9121]:2412[2412]
9375	3662+5541	0	1145	1	37387at6656|TCONS_00033335|+|91|8.769e-22|1|3662|9202|3662[3662]:9202[9202]:5541[5541]
9450	348+486	0	360	1	137197at6656|TCONS_00031542|+|48|7.714e-09|1|348|833|348[348]:833[833]:486[486]
9473	473+555	0	750	1	137197at6656|TCONS_00049787|+|174|9.067e-47|1|473|1027|473[473]:1027[1027]:555[555]
9559	4700+240	0	110	1	131276at6656|TCONS_00041234|+|75|5.747e-17|1|4700|4939|4700[4700]:4939[4939]:240[240]
9605	1210+465	0	134	1	93152at6656|TCONS_00044033|+|42|4.937e-07|1|1210|1674|1210[1210]:1674[1674]:465[465]
9623	717+1074	0	117	1	76812at6656|TCONS_00048967|+|45|6.171e-08|1|717|1790|717[717]:1790[1790]:1074[1074]
9641	2821+2805	0	834	1	37387at6656|TCONS_00048372|+|70|1.839e-15|1|2821|5625|2821[2821]:5625[5625]:2805[2805]
9651	934+546	0	1168	1	93152at6656|TCONS_00048812|+|37|1.58e-05|1|934|1479|934[934]:1479[1479]:546[546]
9750	2178+2643	0	496	1	37387at6656|TCONS_00064078|+|54|1.205e-10|1|2178|4820|2178[2178]:4820[4820]:2643[2643]
9835	1043+596	0	607	1	137197at6656|TCONS_00000593|+|135|4.985e-35|2|1043|1638|1043[1043]:1528[1528]:486[486]|1561[1561]:1638[1638]:78[78]
9892	582+537	0	1128	1	137197at6656|TCONS_00003210|+|97|1.37e-23|1|582|1118|582[582]:1118[1118]:537[537]
10072	3451+546	0	997	1	137197at6656|TCONS_00012812|+|108|6.69e-27|1|3451|3996|3451[3451]:3996[3996]:546[546]
10121	631+1215	0	294	1	93152at6656|TCONS_00015882|+|70|1.839e-15|1|631|1845|631[631]:1845[1845]:1215[1215]
10121	1609+738	0	783	1	93152at6656|TCONS_00015882|+|43|2.468e-07|1|1609|2346|1609[1609]:2346[2346]:738[738]
10145	675+540	0	750	1	137197at6656|TCONS_00026722|+|110|1.673e-27|1|675|1214|675[675]:1214[1214]:540[540]
10191	332+555	0	1636	1	137197at6656|TCONS_00023436|+|81|8.98e-19|1|332|886|332[332]:886[886]:555[555]
10242	807+540	0	911	1	137197at6656|TCONS_00021613|+|85|5.612e-20|1|807|1346|807[807]:1346[1346]:540[540]
10417	2527+273	0	110	1	131276at6656|TCONS_00029785|+|86|2.806e-20|1|2527|2799|2527[2527]:2799[2799]:273[273]
10429	1152+2673	0	948	1	37387at6656|TCONS_00038450|+|39|3.949e-06|1|1152|3824|1152[1152]:3824[3824]:2673[2673]
10467	7374+2520	0	816	1	37387at6656|TCONS_00033337|+|65|5.885e-14|1|7374|9893|7374[7374]:9893[9893]:2520[2520]
10467	5040+4503	0	1145	1	37387at6656|TCONS_00033337|+|87|1.403e-20|1|5040|9542|5040[5040]:9542[9542]:4503[4503]
10565	318+555	0	750	1	137197at6656|TCONS_00044472|+|174|9.067e-47|1|318|872|318[318]:872[872]:555[555]
10651	1899+240	0	110	1	131276at6656|TCONS_00043861|+|75|5.747e-17|1|1899|2138|1899[1899]:2138[2138]:240[240]
10669	578+354	0	1703	1	137197at6656|TCONS_00040169|+|67|1.471e-14|1|578|931|578[578]:931[931]:354[354]
10715	1859+1074	0	117	1	76812at6656|TCONS_00044108|+|45|6.171e-08|1|1859|2932|1859[1859]:2932[2932]:1074[1074]
10743	733+546	0	1168	1	93152at6656|TCONS_00045075|+|37|1.58e-05|1|733|1278|733[733]:1278[1278]:546[546]
10842	1137+3324	0	496	1	37387at6656|TCONS_00064079|+|57|1.507e-11|1|1137|4460|1137[1137]:4460[4460]:3324[3324]
10927	1094+596	0	607	1	137197at6656|TCONS_00000594|+|135|4.985e-35|2|1094|1689|1094[1094]:1579[1579]:486[486]|1612[1612]:1689[1689]:78[78]
10984	77+510	0	1128	1	137197at6656|TCONS_00012407|+|96|2.74e-23|1|77|586|77[77]:586[586]:510[510]
11167	2501+570	0	1040	1	93152at6656|TCONS_00002893|+|38|7.899e-06|1|2501|3070|2501[2501]:3070[3070]:570[570]
11237	675+540	0	750	1	137197at6656|TCONS_00026723|+|110|1.673e-27|1|675|1214|675[675]:1214[1214]:540[540]
11283	479+555	0	1636	1	137197at6656|TCONS_00018115|+|81|8.98e-19|1|479|1033|479[479]:1033[1033]:555[555]
11305	502+906	0	1236	1	93152at6656|TCONS_00014638|+|41|9.873e-07|1|502|1407|502[502]:1407[1407]:906[906]
11451	348+591	0	841	1	137197at6656|TCONS_00015570|+|149|3.042e-39|1|348|938|348[348]:938[938]:591[591]
11498	2339+1179	0	315	1	93152at6656|TCONS_00031738|+|73|2.299e-16|1|2339|3517|2339[2339]:3517[3517]:1179[1179]
11521	3718+2673	0	948	1	37387at6656|TCONS_00038779|+|39|3.949e-06|1|3718|6390|3718[3718]:6390[6390]:2673[2673]
11542	502+1296	0	519	1	76812at6656|TCONS_00038135|+|92|4.385e-22|1|502|1797|502[502]:1797[1797]:1296[1296]
11556	808+576	0	1160	1	137197at6656|TCONS_00038304|+|148|6.085e-39|1|808|1383|808[808]:1383[1383]:576[576]
11559	7640+2412	0	33	1	37387at6656|TCONS_00036233|+|57|1.507e-11|1|7640|10051|7640[7640]:10051[10051]:2412[2412]
11559	5630+4503	0	1145	1	37387at6656|TCONS_00036233|+|87|1.403e-20|1|5630|10132|5630[5630]:10132[10132]:4503[4503]
11605	672+336	0	430	1	137197at6656|TCONS_00031882|+|44|1.234e-07|1|672|1007|672[672]:1007[1007]:336[336]
11680	145+531	0	543	1	137197at6656|TCONS_00045197|+|50|1.928e-09|1|145|675|145[145]:675[675]:531[531]
11743	2046+240	0	110	1	131276at6656|TCONS_00043860|+|75|5.747e-17|1|2046|2285|2046[2046]:2285[2285]:240[240]
11761	311+600	0	1614	1	137197at6656|TCONS_00046722|+|88|7.015e-21|1|311|910|311[311]:910[910]:600[600]
11807	937+1122	0	960	1	76812at6656|TCONS_00043258|+|73|2.299e-16|1|937|2058|937[937]:2058[2058]:1122[1122]
11828	386+756	0	1369	1	93152at6656|TCONS_00040602|+|35|6.319e-05|1|386|1141|386[386]:1141[1141]:756[756]
11835	817+546	0	1168	1	93152at6656|TCONS_00040641|+|37|1.58e-05|1|817|1362|817[817]:1362[1362]:546[546]
11934	1165+2964	0	496	1	37387at6656|TCONS_00063632|+|46|3.085e-08|1|1165|4128|1165[1165]:4128[4128]:2964[2964]
11963	719+558	0	424	1	137197at6656|TCONS_00063895|+|142|3.894e-37|1|719|1276|719[719]:1276[1276]:558[558]
12019	1756+596	0	607	1	137197at6656|TCONS_00000609|+|135|4.985e-35|2|1756|2351|1756[1756]:2241[2241]:486[486]|2274[2274]:2351[2351]:78[78]
12076	337+510	0	1128	1	137197at6656|TCONS_00013270|+|96|2.74e-23|1|337|846|337[337]:846[846]:510[510]
12226	3023+534	0	2	1	93152at6656|TCONS_00005828|+|80|1.796e-18|1|3023|3556|3023[3023]:3556[3556]:534[534]
12259	2501+570	0	1040	1	93152at6656|TCONS_00013223|+|38|7.899e-06|1|2501|3070|2501[2501]:3070[3070]:570[570]
12329	676+540	0	750	1	137197at6656|TCONS_00028880|+|110|1.673e-27|1|676|1215|676[676]:1215[1215]:540[540]
12358	1093+480	0	750	1	137197at6656|TCONS_00016152|+|101|8.564e-25|1|1093|1572|1093[1093]:1572[1572]:480[480]
12491	863+723	0	961	1	93152at6656|TCONS_00017029|+|39|3.949e-06|1|863|1585|863[863]:1585[1585]:723[723]
12494	2088+498	0	217	1	137197at6656|TCONS_00019350|+|107|1.338e-26|1|2088|2585|2088[2088]:2585[2585]:498[498]
12513	199+666	0	573	1	137197at6656|TCONS_00017172|+|147|1.217e-38|1|199|864|199[199]:864[864]:666[666]
12539	132+477	0	732	1	137197at6656|TCONS_00021902|+|49|3.857e-09|1|132|608|132[132]:608[608]:477[477]
12543	1561+591	0	841	1	137197at6656|TCONS_00028800|+|149|3.042e-39|1|1561|2151|1561[1561]:2151[2151]:591[591]
12590	3101+1179	0	315	1	93152at6656|TCONS_00034054|+|73|2.299e-16|1|3101|4279|3101[3101]:4279[4279]:1179[1179]
12613	1299+2673	0	948	1	37387at6656|TCONS_00031775|+|39|3.949e-06|1|1299|3971|1299[1299]:3971[3971]:2673[2673]
12648	839+624	0	430	1	137197at6656|TCONS_00031050|+|147|1.217e-38|1|839|1462|839[839]:1462[1462]:624[624]
12651	6157+2412	0	33	1	37387at6656|TCONS_00036234|+|57|1.507e-11|1|6157|8568|6157[6157]:8568[8568]:2412[2412]
12651	3109+5541	0	1145	1	37387at6656|TCONS_00036234|+|91|8.769e-22|1|3109|8649|3109[3109]:8649[8649]:5541[5541]
12772	170+705	0	543	1	137197at6656|TCONS_00042207|+|60|1.883e-12|1|170|874|170[170]:874[874]:705[705]
12835	3772+240	0	110	1	131276at6656|TCONS_00048905|+|75|5.747e-17|1|3772|4011|3772[3772]:4011[4011]:240[240]
13055	722+558	0	424	1	137197at6656|TCONS_00064100|+|142|3.894e-37|1|722|1279|722[722]:1279[1279]:558[558]
13111	271+596	0	607	1	137197at6656|TCONS_00000590|+|135|4.985e-35|2|271|866|271[271]:756[756]:486[486]|789[789]:866[866]:78[78]
13168	294+510	0	1128	1	137197at6656|TCONS_00012408|+|96|2.74e-23|1|294|803|294[294]:803[803]:510[510]
13251	537+486	0	911	1	137197at6656|TCONS_00005546|+|81|8.98e-19|1|537|1022|537[537]:1022[1022]:486[486]
13318	2844+534	0	2	1	93152at6656|TCONS_00009749|+|80|1.796e-18|1|2844|3377|2844[2844]:3377[3377]:534[534]
13350	148+489	0	641	1	137197at6656|TCONS_00011404|+|52|4.821e-10|1|148|636|148[148]:636[636]:489[489]
13351	2498+570	0	1040	1	93152at6656|TCONS_00009808|+|38|7.899e-06|1|2498|3067|2498[2498]:3067[3067]:570[570]
13352	1021+501	0	1407	1	137197at6656|TCONS_00004982|+|108|6.69e-27|1|1021|1521|1021[1021]:1521[1521]:501[501]
13406	5350+417	0	970	1	79993at6656|TCONS_00018053|+|49|3.857e-09|1|5350|5766|5350[5350]:5766[5766]:417[417]
13421	362+540	0	750	1	137197at6656|TCONS_00016007|+|110|1.673e-27|1|362|901|362[362]:901[901]:540[540]
13631	44+483	0	732	1	137197at6656|TCONS_00019535|+|51|9.642e-10|1|44|526|44[44]:526[526]:483[483]
13635	286+591	0	841	1	137197at6656|TCONS_00015572|+|149|3.042e-39|1|286|876|286[286]:876[876]:591[591]
13705	1045+2673	0	948	1	37387at6656|TCONS_00032397|+|39|3.949e-06|1|1045|3717|1045[1045]:3717[3717]:2673[2673]
13743	6710+2412	0	33	1	37387at6656|TCONS_00034699|+|57|1.507e-11|1|6710|9121|6710[6710]:9121[9121]:2412[2412]
13743	3662+5541	0	1145	1	37387at6656|TCONS_00034699|+|91|8.769e-22|1|3662|9202|3662[3662]:9202[9202]:5541[5541]
13789	623+336	0	430	1	137197at6656|TCONS_00030343|+|44|1.234e-07|1|623|958|623[623]:958[958]:336[336]
13864	1075+747	0	543	1	137197at6656|TCONS_00049972|+|76|2.874e-17|1|1075|1821|1075[1075]:1821[1821]:747[747]
13884	1004+543	0	1168	1	93152at6656|TCONS_00042712|+|49|3.857e-09|1|1004|1546|1004[1004]:1546[1546]:543[543]
13927	3858+240	0	110	1	131276at6656|TCONS_00043862|+|75|5.747e-17|1|3858|4097|3858[3858]:4097[4097]:240[240]
14118	2136+2178	0	240	1	37387at6656|TCONS_00064282|+|54|1.205e-10|1|2136|4313|2136[2136]:4313[4313]:2178[2178]
14147	751+558	0	424	1	137197at6656|TCONS_00063437|+|142|3.894e-37|1|751|1308|751[751]:1308[1308]:558[558]
14203	1046+596	0	607	1	137197at6656|TCONS_00000610|+|135|4.985e-35|2|1046|1641|1046[1046]:1531[1531]:486[486]|1564[1564]:1641[1641]:78[78]
14334	88+429	0	1603	1	137197at6656|TCONS_00006498|+|153|1.902e-40|1|88|516|88[88]:516[516]:429[429]
14410	2410+534	0	2	1	93152at6656|TCONS_00011379|+|80|1.796e-18|1|2410|2943|2410[2410]:2943[2943]:534[534]
14443	2487+570	0	1040	1	93152at6656|TCONS_00012815|+|38|7.899e-06|1|2487|3056|2487[2487]:3056[3056]:570[570]
14444	326+501	0	1407	1	137197at6656|TCONS_00004981|+|108|6.69e-27|1|326|826|326[326]:826[826]:501[501]
14498	5758+417	0	970	1	79993at6656|TCONS_00027284|+|49|3.857e-09|1|5758|6174|5758[5758]:6174[6174]:417[417]
14513	441+540	0	750	1	137197at6656|TCONS_00016008|+|110|1.673e-27|1|441|980|441[441]:980[980]:540[540]
14530	435+558	0	651	1	137197at6656|TCONS_00014329|+|139|3.115e-36|1|435|992|435[435]:992[992]:558[558]
14640	1065+1563	0	355	1	37387at6656|TCONS_00020451|+|44|1.234e-07|1|1065|2627|1065[1065]:2627[2627]:1563[1563]
14727	386+591	0	841	1	137197at6656|TCONS_00015573|+|149|3.042e-39|1|386|976|386[386]:976[976]:591[591]
14797	1045+2673	0	948	1	37387at6656|TCONS_00032398|+|39|3.949e-06|1|1045|3717|1045[1045]:3717[3717]:2673[2673]
14835	6710+2412	0	33	1	37387at6656|TCONS_00034700|+|57|1.507e-11|1|6710|9121|6710[6710]:9121[9121]:2412[2412]
14835	3662+5541	0	1145	1	37387at6656|TCONS_00034700|+|91|8.769e-22|1|3662|9202|3662[3662]:9202[9202]:5541[5541]
14976	734+543	0	1168	1	93152at6656|TCONS_00048658|+|49|3.857e-09|1|734|1276|734[734]:1276[1276]:543[543]
15019	1060+240	0	110	1	131276at6656|TCONS_00046110|+|75|5.747e-17|1|1060|1299|1060[1060]:1299[1299]:240[240]
15079	867+591	0	1056	1	137197at6656|TCONS_00043236|+|113|2.091e-28|1|867|1457|867[867]:1457[1457]:591[591]
15210	2160+2337	0	7	1	37387at6656|TCONS_00064485|+|51|9.642e-10|1|2160|4496|2160[2160]:4496[4496]:2337[2337]
15239	711+558	0	424	1	137197at6656|TCONS_00059840|+|142|3.894e-37|1|711|1268|711[711]:1268[1268]:558[558]
15295	923+596	0	607	1	137197at6656|TCONS_00000611|+|135|4.985e-35|2|923|1518|923[923]:1408[1408]:486[486]|1441[1441]:1518[1518]:78[78]
15426	618+513	0	750	1	137197at6656|TCONS_00006499|+|160|1.486e-42|1|618|1130|618[618]:1130[1130]:513[513]
15432	1682+843	0	697	1	93152at6656|TCONS_00009032|+|89|3.508e-21|1|1682|2524|1682[1682]:2524[2524]:843[843]
15502	2175+534	0	2	1	93152at6656|TCONS_00009750|+|80|1.796e-18|1|2175|2708|2175[2175]:2708[2708]:534[534]
15536	284+501	0	1407	1	137197at6656|TCONS_00004289|+|108|6.69e-27|1|284|784|284[284]:784[784]:501[501]
15582	228+495	0	1128	1	137197at6656|TCONS_00027278|+|90|1.754e-21|1|228|722|228[228]:722[722]:495[495]
15590	5369+417	0	970	1	79993at6656|TCONS_00018055|+|49|3.857e-09|1|5369|5785|5369[5369]:5785[5785]:417[417]
15605	1098+540	0	750	1	137197at6656|TCONS_00016009|+|110|1.673e-27|1|1098|1637|1098[1098]:1637[1637]:540[540]
15622	685+558	0	651	1	137197at6656|TCONS_00021415|+|139|3.115e-36|1|685|1242|685[685]:1242[1242]:558[558]
15702	1181+540	0	911	1	137197at6656|TCONS_00019079|+|85|5.612e-20|1|1181|1720|1181[1181]:1720[1720]:540[540]
15732	3889+2661	0	240	1	37387at6656|TCONS_00020452|+|40|1.975e-06|1|3889|6549|3889[3889]:6549[6549]:2661[2661]
15819	453+591	0	841	1	137197at6656|TCONS_00015575|+|149|3.042e-39|1|453|1043|453[453]:1043[1043]:591[591]
15889	966+2673	0	948	1	37387at6656|TCONS_00038111|+|39|3.949e-06|1|966|3638|966[966]:3638[3638]:2673[2673]
15927	3741+753	0	76	1	37387at6656|TCONS_00039257|+|36|3.159e-05|1|3741|4493|3741[3741]:4493[4493]:753[753]
15927	15660+4503	0	1145	1	37387at6656|TCONS_00039257|+|87|1.403e-20|1|15660|20162|15660[15660]:20162[20162]:4503[4503]
16067	1355+1155	0	644	1	76812at6656|TCONS_00040980|+|70|1.839e-15|1|1355|2509|1355[1355]:2509[2509]:1155[1155]
16105	999+600	0	768	1	93152at6656|TCONS_00042904|+|34|0.0001264|1|999|1598|999[999]:1598[1598]:600[600]
16171	1183+591	0	1056	1	137197at6656|TCONS_00040424|+|113|2.091e-28|1|1183|1773|1183[1183]:1773[1773]:591[591]
16302	2055+2022	0	240	1	37387at6656|TCONS_00063633|+|54|1.205e-10|1|2055|4076|2055[2055]:4076[4076]:2022[2022]
16331	641+558	0	424	1	137197at6656|TCONS_00059270|+|142|3.894e-37|1|641|1198|641[641]:1198[1198]:558[558]
16387	284+596	0	607	1	137197at6656|TCONS_00000591|+|135|4.985e-35|2|284|879|284[284]:769[769]:486[486]|802[802]:879[879]:78[78]
16518	1074+516	0	1056	1	137197at6656|TCONS_00003648|+|168|5.803e-45|1|1074|1589|1074[1074]:1589[1589]:516[516]
16524	955+843	0	697	1	93152at6656|TCONS_00006522|+|89|3.508e-21|1|955|1797|955[955]:1797[1797]:843[843]
16594	2383+534	0	2	1	93152at6656|TCONS_00009751|+|80|1.796e-18|1|2383|2916|2383[2383]:2916[2916]:534[534]
16674	732+522	0	1128	1	137197at6656|TCONS_00028851|+|91|8.769e-22|1|732|1253|732[732]:1253[1253]:522[522]
16682	5783+417	0	970	1	79993at6656|TCONS_00018054|+|49|3.857e-09|1|5783|6199|5783[5783]:6199[6199]:417[417]
16794	799+540	0	911	1	137197at6656|TCONS_00028212|+|85|5.612e-20|1|799|1338|799[799]:1338[1338]:540[540]
16797	1496+207	0	110	1	131276at6656|TCONS_00020338|+|60|1.883e-12|1|1496|1702|1496[1496]:1702[1702]:207[207]
16911	446+591	0	841	1	137197at6656|TCONS_00015576|+|149|3.042e-39|1|446|1036|446[446]:1036[1036]:591[591]
16958	2402+1179	0	315	1	93152at6656|TCONS_00035815|+|73|2.299e-16|1|2402|3580|2402[2402]:3580[3580]:1179[1179]
16978	279+489	0	750	1	137197at6656|TCONS_00030840|+|147|1.217e-38|1|279|767|279[279]:767[767]:489[489]
16981	3346+2673	0	948	1	37387at6656|TCONS_00035197|+|39|3.949e-06|1|3346|6018|3346[3346]:6018[6018]:2673[2673]
17159	849+1155	0	644	1	76812at6656|TCONS_00043671|+|70|1.839e-15|1|849|2003|849[849]:2003[2003]:1155[1155]
17197	955+600	0	768	1	93152at6656|TCONS_00045889|+|34|0.0001264|1|955|1554|955[955]:1554[1554]:600[600]
17263	626+591	0	1056	1	137197at6656|TCONS_00046789|+|113|2.091e-28|1|626|1216|626[626]:1216[1216]:591[591]
17265	777+846	0	294	1	93152at6656|TCONS_00040433|+|59|3.766e-12|1|777|1622|777[777]:1622[1622]:846[846]
17423	689+558	0	424	1	137197at6656|TCONS_00059271|+|142|3.894e-37|1|689|1246|689[689]:1246[1246]:558[558]
17479	846+596	0	607	1	137197at6656|TCONS_00000619|+|135|4.985e-35|2|846|1441|846[846]:1331[1331]:486[486]|1364[1364]:1441[1441]:78[78]
17610	1002+516	0	1056	1	137197at6656|TCONS_00011568|+|168|5.803e-45|1|1002|1517|1002[1002]:1517[1517]:516[516]
17616	1165+843	0	697	1	93152at6656|TCONS_00013324|+|89|3.508e-21|1|1165|2007|1165[1165]:2007[2007]:843[843]
17686	2390+534	0	2	1	93152at6656|TCONS_00005830|+|80|1.796e-18|1|2390|2923|2390[2390]:2923[2923]:534[534]
17766	741+683	0	1452	1	137197at6656|TCONS_00028852|+|90|1.754e-21|2|741|1423|741[741]:854[854]:114[114]|1052[1052]:1423[1423]:372[372]
17774	6655+417	0	970	1	79993at6656|TCONS_00026699|+|49|3.857e-09|1|6655|7071|6655[6655]:7071[7071]:417[417]
17889	1253+207	0	110	1	131276at6656|TCONS_00026834|+|60|1.883e-12|1|1253|1459|1253[1253]:1459[1459]:207[207]
18003	53+465	0	424	1	137197at6656|TCONS_00023330|+|136|2.492e-35|1|53|517|53[53]:517[517]:465[465]
18049	317+462	0	325	1	81423at6656|TCONS_00038760|+|69|3.678e-15|1|317|778|317[317]:778[778]:462[462]
18070	397+444	0	750	1	137197at6656|TCONS_00030841|+|129|3.19e-33|1|397|840|397[397]:840[840]:444[444]
18252	1319+543	0	1168	1	93152at6656|TCONS_00049441|+|49|3.857e-09|1|1319|1861|1319[1319]:1861[1861]:543[543]
18515	618+558	0	424	1	137197at6656|TCONS_00059841|+|142|3.894e-37|1|618|1175|618[618]:1175[1175]:558[558]
18571	3064+711	0	365	1	137197at6656|TCONS_00000645|+|136|2.492e-35|3|3064|3774|3064[3064]:3222[3222]:159[159]|3278[3290]:3514[3514]:237[225]|3574[3586]:3774[3774]:201[189]
18702	1007+516	0	1056	1	137197at6656|TCONS_00006500|+|168|5.803e-45|1|1007|1522|1007[1007]:1522[1522]:516[516]
18708	1335+843	0	697	1	93152at6656|TCONS_00006521|+|89|3.508e-21|1|1335|2177|1335[1335]:2177[2177]:843[843]
18866	7055+417	0	970	1	79993at6656|TCONS_00027823|+|49|3.857e-09|1|7055|7471|7055[7055]:7471[7471]:417[417]
18883	847+504	0	1744	1	137197at6656|TCONS_00016031|+|98|6.851e-24|1|847|1350|847[847]:1350[1350]:504[504]
18978	1441+540	0	911	1	137197at6656|TCONS_00027131|+|85|5.612e-20|1|1441|1980|1441[1441]:1980[1980]:540[540]
18991	554+798	0	1622	1	40319at6656|TCONS_00029226|+|52|4.821e-10|1|554|1351|554[554]:1351[1351]:798[798]
18992	1783+969	0	697	1	93152at6656|TCONS_00018202|+|43|2.468e-07|1|1783|2751|1783[1783]:2751[2751]:969[969]
18992	901+1032	0	1633	1	93152at6656|TCONS_00018202|+|53|2.41e-10|1|901|1932|901[901]:1932[1932]:1032[1032]
19102	1524+621	0	858	1	93152at6656|TCONS_00026015|+|40|1.975e-06|1|1524|2144|1524[1524]:2144[2144]:621[621]
19141	308+459	0	325	1	81423at6656|TCONS_00035813|+|65|5.885e-14|1|308|766|308[308]:766[766]:459[459]
19162	517+447	0	750	1	137197at6656|TCONS_00035390|+|130|1.595e-33|1|517|963|517[517]:963[963]:447[447]
19203	3814+429	0	85	1	37387at6656|TCONS_00037591|+|34|0.0001264|1|3814|4242|3814[3814]:4242[4242]:429[429]
19461	8868+693	0	596	1	40319at6656|TCONS_00048351|+|125|5.104e-32|1|8868|9560|8868[8868]:9560[9560]:693[693]
19607	546+558	0	424	1	137197at6656|TCONS_00059842|+|142|3.894e-37|1|546|1103|546[546]:1103[1103]:558[558]
19663	2330+596	0	607	1	137197at6656|TCONS_00000618|+|135|4.985e-35|2|2330|2925|2330[2330]:2815[2815]:486[486]|2848[2848]:2925[2925]:78[78]
19794	1205-420	0	1603	-1	137197at6656|TCONS_00007531|-|147|1.217e-38|1|786|1205|1205[1205]:786[786]:420[420]
19800	1393+909	0	781	1	93152at6656|TCONS_00009374|+|91|8.769e-22|1|1393|2301|1393[1393]:2301[2301]:909[909]
19958	1974+417	0	970	1	79993at6656|TCONS_00015929|+|49|3.857e-09|1|1974|2390|1974[1974]:2390[2390]:417[417]
19964	3445+441	0	1112	1	37387at6656|TCONS_00027596|+|39|3.949e-06|1|3445|3885|3445[3445]:3885[3885]:441[441]
20070	928+540	0	911	1	137197at6656|TCONS_00027132|+|85|5.612e-20|1|928|1467|928[928]:1467[1467]:540[540]
20083	93+798	0	1622	1	40319at6656|TCONS_00026508|+|52|4.821e-10|1|93|890|93[93]:890[890]:798[798]
20084	2114+969	0	697	1	93152at6656|TCONS_00022432|+|43|2.468e-07|1|2114|3082|2114[2114]:3082[3082]:969[969]
20084	1232+1032	0	1633	1	93152at6656|TCONS_00022432|+|53|2.41e-10|1|1232|2263|1232[1232]:2263[2263]:1032[1032]
20110	1244+501	0	1152	1	137197at6656|TCONS_00025888|+|73|2.299e-16|1|1244|1744|1244[1244]:1744[1744]:501[501]
20159	577+450	0	845	1	137197at6656|TCONS_00015385|+|53|2.41e-10|1|577|1026|577[577]:1026[1026]:450[450]
20194	1616+621	0	858	1	93152at6656|TCONS_00017405|+|40|1.975e-06|1|1616|2236|1616[1616]:2236[2236]:621[621]
20295	3741+429	0	85	1	37387at6656|TCONS_00038314|+|34|0.0001264|1|3741|4169|3741[3741]:4169[4169]:429[429]
20436	1302+543	0	1168	1	93152at6656|TCONS_00049063|+|49|3.857e-09|1|1302|1844|1302[1302]:1844[1844]:543[543]
20473	931+600	0	768	1	93152at6656|TCONS_00040010|+|34|0.0001264|1|931|1530|931[931]:1530[1530]:600[600]
20699	490+558	0	424	1	137197at6656|TCONS_00059843|+|142|3.894e-37|1|490|1047|490[490]:1047[1047]:558[558]
20835	137+1098	0	1790	1	85574at6656|TCONS_00001951|+|735|1.201e-215|1|137|1234|137[137]:1234[1234]:1098[1098]
20892	1220+843	0	697	1	93152at6656|TCONS_00003682|+|89|3.508e-21|1|1220|2062|1220[1220]:2062[2062]:843[843]
20957	36+294	0	930	1	148713at6656|TCONS_00007719|+|51|9.642e-10|1|36|329|36[36]:329[329]:294[294]
21050	5317+417	0	970	1	79993at6656|TCONS_00015930|+|49|3.857e-09|1|5317|5733|5317[5317]:5733[5733]:417[417]
21056	3445+441	0	1112	1	37387at6656|TCONS_00014168|+|39|3.949e-06|1|3445|3885|3445[3445]:3885[3885]:441[441]
21162	1040+540	0	911	1	137197at6656|TCONS_00021614|+|85|5.612e-20|1|1040|1579|1040[1040]:1579[1579]:540[540]
21251	1331+408	0	845	1	137197at6656|TCONS_00026596|+|48|7.714e-09|1|1331|1738|1331[1331]:1738[1738]:408[408]
21325	1623+894	0	36	1	93152at6656|TCONS_00029708|+|40|1.975e-06|1|1623|2516|1623[1623]:2516[2516]:894[894]
21528	600+522	0	1168	1	93152at6656|TCONS_00042716|+|48|7.714e-09|1|600|1121|600[600]:1121[1121]:522[522]
21565	723+600	0	768	1	93152at6656|TCONS_00040011|+|34|0.0001264|1|723|1322|723[723]:1322[1322]:600[600]
21577	1248+528	0	750	1	137197at6656|TCONS_00041270|+|42|4.937e-07|1|1248|1775|1248[1248]:1775[1775]:528[528]
21791	1050+558	0	424	1	137197at6656|TCONS_00059273|+|142|3.894e-37|1|1050|1607|1050[1050]:1607[1607]:558[558]
21990	1365-348	0	845	-1	137197at6656|TCONS_00013147|-|47|1.543e-08|1|1018|1365|1365[1365]:1018[1018]:348[348]
22003	454+372	0	1619	1	131276at6656|TCONS_00005630|+|45|6.171e-08|1|454|825|454[454]:825[825]:372[372]
22024	1328+2964	0	7	1	37387at6656|TCONS_00003906|+|40|1.975e-06|1|1328|4291|1328[1328]:4291[4291]:2964[2964]
22102	767+492	0	424	1	137197at6656|TCONS_00013883|+|146|2.434e-38|1|767|1258|767[767]:1258[1258]:492[492]
22142	8183+417	0	970	1	79993at6656|TCONS_00015931|+|49|3.857e-09|1|8183|8599|8183[8183]:8599[8599]:417[417]
22254	1254+540	0	911	1	137197at6656|TCONS_00028715|+|85|5.612e-20|1|1254|1793|1254[1254]:1793[1793]:540[540]
22669	1299+528	0	750	1	137197at6656|TCONS_00041271|+|42|4.937e-07|1|1299|1826|1299[1299]:1826[1826]:528[528]
22863	1119+648	0	1407	1	137197at6656|TCONS_00059170|+|125|5.104e-32|1|1119|1766|1119[1119]:1766[1766]:648[648]
23082	76+369	0	845	1	137197at6656|TCONS_00003711|+|52|4.821e-10|1|76|444|76[76]:444[444]:369[369]
23090	2865+3018	0	948	1	37387at6656|TCONS_00002375|+|70|1.839e-15|1|2865|5882|2865[2865]:5882[5882]:3018[3018]
23095	374+372	0	1619	1	131276at6656|TCONS_00005631|+|45|6.171e-08|1|374|745|374[374]:745[745]:372[372]
23234	6671+417	0	970	1	79993at6656|TCONS_00015932|+|49|3.857e-09|1|6671|7087|6671[6671]:7087[7087]:417[417]
23346	128+333	0	353	1	137197at6656|TCONS_00014795|+|75|5.747e-17|1|128|460|128[128]:460[460]:333[333]
23363	337+345	0	297	1	40319at6656|TCONS_00022445|+|50|1.928e-09|1|337|681|337[337]:681[681]:345[345]
23367	1571+690	0	294	1	93152at6656|TCONS_00014939|+|77|1.437e-17|1|1571|2260|1571[1571]:2260[2260]:690[690]
23706	1852+525	0	750	1	137197at6656|TCONS_00040959|+|132|3.988e-34|1|1852|2376|1852[1852]:2376[2376]:525[525]
23955	1107+648	0	1407	1	137197at6656|TCONS_00064088|+|125|5.104e-32|1|1107|1754|1107[1107]:1754[1754]:648[648]
23986	2064+282	0	110	1	131276at6656|TCONS_00058752|+|53|2.41e-10|1|2064|2345|2064[2064]:2345[2345]:282[282]
24174	651+348	0	340	1	137197at6656|TCONS_00012504|+|50|1.928e-09|1|651|998|651[651]:998[998]:348[348]
24182	2616+3018	0	948	1	37387at6656|TCONS_00004602|+|70|1.839e-15|1|2616|5633|2616[2616]:5633[5633]:3018[3018]
24187	265+372	0	1619	1	131276at6656|TCONS_00013159|+|45|6.171e-08|1|265|636|265[265]:636[636]:372[372]
24326	941+417	0	970	1	79993at6656|TCONS_00022094|+|49|3.857e-09|1|941|1357|941[941]:1357[1357]:417[417]
24798	508+525	0	750	1	137197at6656|TCONS_00040961|+|132|3.988e-34|1|508|1032|508[508]:1032[1032]:525[525]
25047	1214+648	0	1407	1	137197at6656|TCONS_00064087|+|125|5.104e-32|1|1214|1861|1214[1214]:1861[1861]:648[648]
25078	4230+282	0	110	1	131276at6656|TCONS_00060303|+|53|2.41e-10|1|4230|4511|4230[4230]:4511[4511]:282[282]
25274	1404+3018	0	948	1	37387at6656|TCONS_00010512|+|70|1.839e-15|1|1404|4421|1404[1404]:4421[4421]:3018[3018]
25279	345+372	0	1619	1	131276at6656|TCONS_00002404|+|45|6.171e-08|1|345|716|345[345]:716[716]:372[372]
25418	4787+417	0	970	1	79993at6656|TCONS_00019819|+|49|3.857e-09|1|4787|5203|4787[4787]:5203[5203]:417[417]
25611	380+384	0	1542	1	137197at6656|TCONS_00018301|+|134|9.969e-35|1|380|763|380[380]:763[763]:384[384]
25890	940+525	0	750	1	137197at6656|TCONS_00040960|+|132|3.988e-34|1|940|1464|940[940]:1464[1464]:525[525]
25933	979+504	0	360	1	137197at6656|TCONS_00048240|+|68|7.356e-15|1|979|1482|979[979]:1482[1482]:504[504]
26139	1035+648	0	1407	1	137197at6656|TCONS_00059171|+|125|5.104e-32|1|1035|1682|1035[1035]:1682[1682]:648[648]
26366	1124+3018	0	948	1	37387at6656|TCONS_00002376|+|70|1.839e-15|1|1124|4141|1124[1124]:4141[4141]:3018[3018]
26371	345+372	0	1619	1	131276at6656|TCONS_00013547|+|45|6.171e-08|1|345|716|345[345]:716[716]:372[372]
26510	5720+417	0	970	1	79993at6656|TCONS_00022096|+|49|3.857e-09|1|5720|6136|5720[5720]:6136[6136]:417[417]
26625	5640+315	0	110	1	131276at6656|TCONS_00027134|+|43|2.468e-07|1|5640|5954|5640[5640]:5954[5954]:315[315]
26703	332+519	0	1684	1	137197at6656|TCONS_00017142|+|153|1.902e-40|1|332|850|332[332]:850[850]:519[519]
26728	305+528	0	359	1	85574at6656|TCONS_00023792|+|90|1.754e-21|1|305|832|305[305]:832[832]:528[528]
26746	143+1818	0	158	1	131276at6656|TCONS_00028025|+|1158|0|1|143|1960|143[143]:1960[1960]:1818[1818]
26846	11360+4503	0	1145	1	37387at6656|TCONS_00031068|+|87|1.403e-20|1|11360|15862|11360[11360]:15862[15862]:4503[4503]
26953	1282+459	0	1684	1	137197at6656|TCONS_00041884|+|49|3.857e-09|1|1282|1740|1282[1282]:1740[1740]:459[459]
26982	531+525	0	750	1	137197at6656|TCONS_00048857|+|132|3.988e-34|1|531|1055|531[531]:1055[1055]:525[525]
27025	272+381	0	360	1	137197at6656|TCONS_00048691|+|57|1.507e-11|1|272|652|272[272]:652[652]:381[381]
27306	7184+525	0	543	1	137197at6656|TCONS_00000515|+|73|2.299e-16|1|7184|7708|7184[7184]:7708[7708]:525[525]
27458	1119+3018	0	948	1	37387at6656|TCONS_00013156|+|70|1.839e-15|1|1119|4136|1119[1119]:4136[4136]:3018[3018]
27463	265+372	0	1619	1	131276at6656|TCONS_00011855|+|45|6.171e-08|1|265|636|265[265]:636[636]:372[372]
27602	4724+417	0	970	1	79993at6656|TCONS_00022097|+|49|3.857e-09|1|4724|5140|4724[4724]:5140[5140]:417[417]
27717	2512+315	0	110	1	131276at6656|TCONS_00019095|+|43|2.468e-07|1|2512|2826|2512[2512]:2826[2826]:315[315]
27820	254+594	0	359	1	85574at6656|TCONS_00015491|+|92|4.385e-22|1|254|847|254[254]:847[847]:594[594]
27838	408+1503	0	158	1	131276at6656|TCONS_00028026|+|952|5.703e-281|1|408|1910|408[408]:1910[1910]:1503[1503]
27938	11360+4503	0	1145	1	37387at6656|TCONS_00033332|+|87|1.403e-20|1|11360|15862|11360[11360]:15862[15862]:4503[4503]
28045	1271+459	0	1684	1	137197at6656|TCONS_00039543|+|49|3.857e-09|1|1271|1729|1271[1271]:1729[1729]:459[459]
28117	52+504	0	360	1	137197at6656|TCONS_00047502|+|69|3.678e-15|1|52|555|52[52]:555[555]:504[504]
28157	11521+5313	0	72	1	37387at6656|TCONS_00048938|+|72|4.598e-16|1|11521|16833|11521[11521]:16833[16833]:5313[5313]
28171	419+348	0	205	1	81423at6656|TCONS_00044891|+|47|1.543e-08|1|419|766|419[419]:766[766]:348[348]
28398	1809+525	0	543	1	137197at6656|TCONS_00000518|+|73|2.299e-16|1|1809|2333|1809[1809]:2333[2333]:525[525]
28469	1597+492	0	1645	1	137197at6656|TCONS_00005277|+|95|5.481e-23|1|1597|2088|1597[1597]:2088[2088]:492[492]
28576	1127+468	0	845	1	137197at6656|TCONS_00011870|+|59|3.766e-12|1|1127|1594|1127[1127]:1594[1594]:468[468]
28689	190+596	0	607	1	137197at6656|TCONS_00015902|+|135|4.985e-35|2|190|785|190[190]:675[675]:486[486]|708[708]:785[785]:78[78]
28694	5347+417	0	970	1	79993at6656|TCONS_00028361|+|49|3.857e-09|1|5347|5763|5347[5347]:5763[5763]:417[417]
28809	1924+315	0	110	1	131276at6656|TCONS_00019096|+|43|2.468e-07|1|1924|2238|1924[1924]:2238[2238]:315[315]
28912	291+594	0	359	1	85574at6656|TCONS_00019494|+|92|4.385e-22|1|291|884|291[291]:884[884]:594[594]
28930	169+1818	0	158	1	131276at6656|TCONS_00017408|+|1158|0|1|169|1986|169[169]:1986[1986]:1818[1818]
29030	3366+753	0	76	1	37387at6656|TCONS_00031070|+|36|3.159e-05|1|3366|4118|3366[3366]:4118[4118]:753[753]
29030	15285+4503	0	1145	1	37387at6656|TCONS_00031070|+|87|1.403e-20|1|15285|19787|15285[15285]:19787[19787]:4503[4503]
29249	21451+5313	0	72	1	37387at6656|TCONS_00049326|+|72|4.598e-16|1|21451|26763|21451[21451]:26763[26763]:5313[5313]
29490	1919+486	0	543	1	137197at6656|TCONS_00000519|+|57|1.507e-11|1|1919|2404|1919[1919]:2404[2404]:486[486]
29570	451+540	0	470	1	137197at6656|TCONS_00003356|+|95|5.481e-23|1|451|990|451[451]:990[990]:540[540]
29634	1278+669	0	1231	1	93152at6656|TCONS_00005570|+|37|1.58e-05|1|1278|1946|1278[1278]:1946[1946]:669[669]
29647	230+372	0	1619	1	131276at6656|TCONS_00008809|+|45|6.171e-08|1|230|601|230[230]:601[601]:372[372]
29666	1144+753	0	132	1	93152at6656|TCONS_00011869|+|53|2.41e-10|1|1144|1896|1144[1144]:1896[1896]:753[753]
29668	1121+468	0	845	1	137197at6656|TCONS_00012297|+|59|3.766e-12|1|1121|1588|1121[1121]:1588[1588]:468[468]
29725	573+1179	0	552	1	76812at6656|TCONS_00002865|+|80|1.796e-18|1|573|1751|573[573]:1751[1751]:1179[1179]
29781	987+596	0	607	1	137197at6656|TCONS_00028857|+|135|4.985e-35|2|987|1582|987[987]:1472[1472]:486[486]|1505[1505]:1582[1582]:78[78]
29786	5223+417	0	970	1	79993at6656|TCONS_00023382|+|49|3.857e-09|1|5223|5639|5223[5223]:5639[5639]:417[417]
29893	388+489	0	195	1	137197at6656|TCONS_00016566|+|145|4.868e-38|1|388|876|388[388]:876[876]:489[489]
29901	2983+315	0	110	1	131276at6656|TCONS_00019097|+|43|2.468e-07|1|2983|3297|2983[2983]:3297[3297]:315[315]
30022	169+1952	0	158	1	131276at6656|TCONS_00027499|+|1163|0|2|169|2120|169[169]:258[258]:90[90]|393[393]:2120[2120]:1728[1728]
30122	3366+753	0	76	1	37387at6656|TCONS_00032065|+|36|3.159e-05|1|3366|4118|3366[3366]:4118[4118]:753[753]
30122	15285+4503	0	1145	1	37387at6656|TCONS_00032065|+|87|1.403e-20|1|15285|19787|15285[15285]:19787[19787]:4503[4503]
30179	212+537	0	732	1	137197at6656|TCONS_00030398|+|113|2.091e-28|1|212|748|212[212]:748[748]:537[537]
30279	1309+2502	0	996	1	31820at6656|TCONS_00039867|+|356|1.479e-101|1|1309|3810|1309[1309]:3810[3810]:2502[2502]
30310	953+708	0	973	1	93152at6656|TCONS_00048249|+|52|4.821e-10|1|953|1660|953[953]:1660[1660]:708[708]
30341	43899+5313	0	72	1	37387at6656|TCONS_00049328|+|72|4.598e-16|1|43899|49211|43899[43899]:49211[49211]:5313[5313]
30341	5145+5547	0	89	1	37387at6656|TCONS_00049328|+|54|1.205e-10|1|5145|10691|5145[5145]:10691[10691]:5547[5547]
30341	17703+6495	0	722	1	37387at6656|TCONS_00049328|+|78|7.184e-18|1|17703|24197|17703[17703]:24197[24197]:6495[6495]
30341	10086+3828	0	753	1	37387at6656|TCONS_00049328|+|61|9.416e-13|1|10086|13913|10086[10086]:13913[13913]:3828[3828]
30341	22635+1695	0	978	1	37387at6656|TCONS_00049328|+|37|1.58e-05|1|22635|24329|22635[22635]:24329[24329]:1695[1695]
30661	861+540	0	470	1	137197at6656|TCONS_00013285|+|95|5.481e-23|1|861|1400|861[861]:1400[1400]:540[540]
30704	70+384	0	799	1	137197at6656|TCONS_00010800|+|70|1.839e-15|1|70|453|70[70]:453[453]:384[384]
30738	336+372	0	1619	1	131276at6656|TCONS_00007596|+|45|6.171e-08|1|336|707|336[336]:707[707]:372[372]
30748	282+1083	0	1090	1	40319at6656|TCONS_00006671|+|89|3.508e-21|1|282|1364|282[282]:1364[1364]:1083[1083]
30757	1411+753	0	132	1	93152at6656|TCONS_00002509|+|53|2.41e-10|1|1411|2163|1411[1411]:2163[2163]:753[753]
30759	1067+468	0	845	1	137197at6656|TCONS_00007657|+|59|3.766e-12|1|1067|1534|1067[1067]:1534[1534]:468[468]
30816	384+1179	0	552	1	76812at6656|TCONS_00012811|+|80|1.796e-18|1|384|1562|384[384]:1562[1562]:1179[1179]
30839	400+594	0	2	1	93152at6656|TCONS_00021202|+|94|1.096e-22|1|400|993|400[400]:993[993]:594[594]
30872	832+596	0	607	1	137197at6656|TCONS_00015903|+|135|4.985e-35|2|832|1427|832[832]:1317[1317]:486[486]|1350[1350]:1427[1427]:78[78]
30877	5424+417	0	970	1	79993at6656|TCONS_00019820|+|49|3.857e-09|1|5424|5840|5424[5424]:5840[5840]:417[417]
30984	1300+507	0	678	1	137197at6656|TCONS_00027918|+|135|4.985e-35|1|1300|1806|1300[1300]:1806[1806]:507[507]
30992	2120+315	0	110	1	131276at6656|TCONS_00019098|+|43|2.468e-07|1|2120|2434|2120[2120]:2434[2434]:315[315]
31076	963+348	0	1485	1	79993at6656|TCONS_00015373|+|36|3.159e-05|1|963|1310|963[963]:1310[1310]:348[348]
31213	2860+753	0	76	1	37387at6656|TCONS_00036228|+|36|3.159e-05|1|2860|3612|2860[2860]:3612[3612]:753[753]
31213	14779+4503	0	1145	1	37387at6656|TCONS_00036228|+|87|1.403e-20|1|14779|19281|14779[14779]:19281[19281]:4503[4503]
31270	182+507	0	332	1	137197at6656|TCONS_00032795|+|115|5.227e-29|1|182|688|182[182]:688[688]:507[507]
31290	1213+819	0	48	1	93152at6656|TCONS_00031571|+|42|4.937e-07|1|1213|2031|1213[1213]:2031[2031]:819[819]
31311	1903+555	0	750	1	137197at6656|TCONS_00039487|+|174|9.067e-47|1|1903|2457|1903[1903]:2457[2457]:555[555]
31432	22695+2172	0	7	1	37387at6656|TCONS_00050326|+|57|1.507e-11|1|22695|24866|22695[22695]:24866[24866]:2172[2172]
31432	30552+3342	0	50	1	37387at6656|TCONS_00050326|+|51|9.642e-10|1|30552|33893|30552[30552]:33893[33893]:3342[3342]
31432	18096+6312	0	72	1	37387at6656|TCONS_00050326|+|89|3.508e-21|1|18096|24407|18096[18096]:24407[24407]:6312[6312]
31432	5145+5547	0	89	1	37387at6656|TCONS_00050326|+|54|1.205e-10|1|5145|10691|5145[5145]:10691[10691]:5547[5547]
31432	13332+651	0	623	1	37387at6656|TCONS_00050326|+|35|6.319e-05|1|13332|13982|13332[13332]:13982[13982]:651[651]
31432	10086+3828	0	753	1	37387at6656|TCONS_00050326|+|61|9.416e-13|1|10086|13913|10086[10086]:13913[13913]:3828[3828]
31729	397+1548	0	201	1	137197at6656|TCONS_00006204|+|134|9.969e-35|2|397|1944|397[397]:879[879]:483[483]|1897[1909]:1944[1944]:48[36]
31795	718+543	0	195	1	137197at6656|TCONS_00008122|+|85|5.612e-20|1|718|1260|718[718]:1260[1260]:543[543]
31824	1368+570	0	1459	1	137197at6656|TCONS_00004603|+|50|1.928e-09|1|1368|1937|1368[1368]:1937[1937]:570[570]
31850	1114+468	0	845	1	137197at6656|TCONS_00007658|+|59|3.766e-12|1|1114|1581|1114[1114]:1581[1581]:468[468]
31907	452+1179	0	552	1	76812at6656|TCONS_00002866|+|80|1.796e-18|1|452|1630|452[452]:1630[1630]:1179[1179]
31963	236+596	0	607	1	137197at6656|TCONS_00028858|+|135|4.985e-35|2|236|831|236[236]:721[721]:486[486]|754[754]:831[831]:78[78]
31968	5392+417	0	970	1	79993at6656|TCONS_00019821|+|49|3.857e-09|1|5392|5808|5392[5392]:5808[5808]:417[417]
32083	1280+315	0	110	1	131276at6656|TCONS_00026496|+|43|2.468e-07|1|1280|1594|1280[1280]:1594[1594]:315[315]
32304	2860+753	0	76	1	37387at6656|TCONS_00036229|+|36|3.159e-05|1|2860|3612|2860[2860]:3612[3612]:753[753]
32304	14779+4503	0	1145	1	37387at6656|TCONS_00036229|+|87|1.403e-20|1|14779|19281|14779[14779]:19281[19281]:4503[4503]
32402	707+555	0	750	1	137197at6656|TCONS_00049786|+|174|9.067e-47|1|707|1261|707[707]:1261[1261]:555[555]
32502	3740+516	0	2	1	93152at6656|TCONS_00042974|+|94|1.096e-22|1|3740|4255|3740[3740]:4255[4255]:516[516]
32523	22695+2172	0	7	1	37387at6656|TCONS_00050327|+|57|1.507e-11|1|22695|24866|22695[22695]:24866[24866]:2172[2172]
32523	30552+3342	0	50	1	37387at6656|TCONS_00050327|+|51|9.642e-10|1|30552|33893|30552[30552]:33893[33893]:3342[3342]
32523	18096+6312	0	72	1	37387at6656|TCONS_00050327|+|89|3.508e-21|1|18096|24407|18096[18096]:24407[24407]:6312[6312]
32523	5145+5547	0	89	1	37387at6656|TCONS_00050327|+|54|1.205e-10|1|5145|10691|5145[5145]:10691[10691]:5547[5547]
32523	13332+651	0	623	1	37387at6656|TCONS_00050327|+|35|6.319e-05|1|13332|13982|13332[13332]:13982[13982]:651[651]
32523	10086+3828	0	753	1	37387at6656|TCONS_00050327|+|61|9.416e-13|1|10086|13913|10086[10086]:13913[13913]:3828[3828]
32820	430+1548	0	201	1	137197at6656|TCONS_00003201|+|134|9.969e-35|2|430|1977|430[430]:912[912]:483[483]|1930[1942]:1977[1977]:48[36]
32915	1358+570	0	1459	1	137197at6656|TCONS_00002378|+|50|1.928e-09|1|1358|1927|1358[1358]:1927[1927]:570[570]
32920	312+372	0	1619	1	131276at6656|TCONS_00010520|+|45|6.171e-08|1|312|683|312[312]:683[683]:372[372]
32941	2351+468	0	845	1	137197at6656|TCONS_00005709|+|59|3.766e-12|1|2351|2818|2351[2351]:2818[2818]:468[468]
33054	196+596	0	607	1	137197at6656|TCONS_00015905|+|134|9.969e-35|2|196|791|196[196]:681[681]:486[486]|714[714]:791[791]:78[78]
33059	5909+417	0	970	1	79993at6656|TCONS_00019822|+|49|3.857e-09|1|5909|6325|5909[5909]:6325[6325]:417[417]
33133	2516+840	0	854	1	93152at6656|TCONS_00028183|+|42|4.937e-07|1|2516|3355|2516[2516]:3355[3355]:840[840]
33174	1260+315	0	110	1	131276at6656|TCONS_00023198|+|43|2.468e-07|1|1260|1574|1260[1260]:1574[1574]:315[315]
33395	11361+4503	0	1145	1	37387at6656|TCONS_00037588|+|87|1.403e-20|1|11361|15863|11361[11361]:15863[15863]:4503[4503]
33493	2768+555	0	750	1	137197at6656|TCONS_00039488|+|174|9.067e-47|1|2768|3322|2768[2768]:3322[3322]:555[555]
33531	135+243	0	110	1	131276at6656|TCONS_00040962|+|46|3.085e-08|1|135|377|135[135]:377[377]:243[243]
33593	3785+516	0	2	1	93152at6656|TCONS_00049120|+|94|1.096e-22|1|3785|4300|3785[3785]:4300[4300]:516[516]
33911	430+1548	0	201	1	137197at6656|TCONS_00003202|+|134|9.969e-35|2|430|1977|430[430]:912[912]:483[483]|1930[1942]:1977[1977]:48[36]
33922	109+483	0	1603	1	137197at6656|TCONS_00005267|+|51|9.642e-10|1|109|591|109[109]:591[591]:483[483]
34006	488+567	0	1084	1	137197at6656|TCONS_00005618|+|40|1.975e-06|1|488|1054|488[488]:1054[1054]:567[567]
34011	310+372	0	1619	1	131276at6656|TCONS_00012755|+|45|6.171e-08|1|310|681|310[310]:681[681]:372[372]
34032	1460+468	0	845	1	137197at6656|TCONS_00012768|+|59|3.766e-12|1|1460|1927|1460[1460]:1927[1927]:468[468]
34080	754+1467	0	1302	1	37387at6656|TCONS_00005906|+|32|0.0005055|1|754|2220|754[754]:2220[2220]:1467[1467]
34089	604+1179	0	552	1	76812at6656|TCONS_00002868|+|80|1.796e-18|1|604|1782|604[604]:1782[1782]:1179[1179]
34150	5957+417	0	970	1	79993at6656|TCONS_00022099|+|49|3.857e-09|1|5957|6373|5957[5957]:6373[6373]:417[417]
34224	2225+840	0	854	1	93152at6656|TCONS_00028697|+|42|4.937e-07|1|2225|3064|2225[2225]:3064[3064]:840[840]
34265	1070+315	0	110	1	131276at6656|TCONS_00021620|+|43|2.468e-07|1|1070|1384|1070[1070]:1384[1384]:315[315]
34313	418+492	0	1300	1	148713at6656|TCONS_00029251|+|41|9.873e-07|1|418|909|418[418]:909[909]:492[492]
34486	11361+4503	0	1145	1	37387at6656|TCONS_00037590|+|87|1.403e-20|1|11361|15863|11361[11361]:15863[15863]:4503[4503]
34584	363+555	0	750	1	137197at6656|TCONS_00048149|+|174|9.067e-47|1|363|917|363[363]:917[917]:555[555]
34684	3765+516	0	2	1	93152at6656|TCONS_00044779|+|94|1.096e-22|1|3765|4280|3765[3765]:4280[4280]:516[516]
34705	7153+5313	0	72	1	37387at6656|TCONS_00050037|+|72|4.598e-16|1|7153|12465|7153[7153]:12465[12465]:5313[5313]
34705	340+1725	0	1748	1	37387at6656|TCONS_00050037|+|36|3.159e-05|1|340|2064|340[340]:2064[2064]:1725[1725]
